,Customer_Name,Province,Region,Customer_Segment,Cust_id
0,MUHAMMED MACINTYRE,NUNAVUT,NUNAVUT,SMALL BUSINESS,1
1,BARRY FRENCH,NUNAVUT,NUNAVUT,CONSUMER,2
2,CLAY ROZENDAL,NUNAVUT,NUNAVUT,CORPORATE,3
3,CARLOS SOLTERO,NUNAVUT,NUNAVUT,CONSUMER,4
4,CARL JACKSON,NUNAVUT,NUNAVUT,CORPORATE,5
5,MONICA FEDERLE,NUNAVUT,NUNAVUT,CORPORATE,6
6,DOROTHY BADDERS,NUNAVUT,NUNAVUT,HOME OFFICE,7
7,NEOLA SCHNEIDER,NUNAVUT,NUNAVUT,HOME OFFICE,8
8,CARLOS DALY,NUNAVUT,NUNAVUT,HOME OFFICE,9
9,CLAUDIA MINER,NUNAVUT,NUNAVUT,SMALL BUSINESS,10
10,ALLEN ROSENBLATT,NUNAVUT,NUNAVUT,SMALL BUSINESS,11
11,SYLVIA FOULSTON,NUNAVUT,NUNAVUT,HOME OFFICE,12
12,JIM RADFORD,NUNAVUT,NUNAVUT,CORPORATE,13
13,CARL LUDWIG,NUNAVUT,NUNAVUT,CORPORATE,14
14,DON MILLER,NUNAVUT,NUNAVUT,HOME OFFICE,15
15,ANNIE CYPRUS,NUNAVUT,NUNAVUT,HOME OFFICE,16
16,GRANT CARROLL,NUNAVUT,NUNAVUT,SMALL BUSINESS,17
17,ALAN BARNES,NUNAVUT,NUNAVUT,CORPORATE,18
18,JACK GARZA,NUNAVUT,NUNAVUT,CORPORATE,19
19,JULIA WEST,NUNAVUT,NUNAVUT,CORPORATE,20
20,EUGENE BARCHAS,NUNAVUT,NUNAVUT,CORPORATE,21
21,EDWARD HOOKS,NUNAVUT,NUNAVUT,CONSUMER,22
22,BRAD EASON,NUNAVUT,NUNAVUT,SMALL BUSINESS,23
23,NICOLE HANSEN,NUNAVUT,NUNAVUT,SMALL BUSINESS,24
24,DOROTHY WARDLE,NUNAVUT,NUNAVUT,CORPORATE,25
25,AARON BERGMAN,NUNAVUT,NUNAVUT,CORPORATE,26
26,DON JONES,NUNAVUT,NUNAVUT,CORPORATE,27
27,BETH THOMPSON,NUNAVUT,NUNAVUT,CORPORATE,28
28,FRANK PRICE,NUNAVUT,NUNAVUT,CORPORATE,29
29,MICHELLE LONSDALE,NUNAVUT,NUNAVUT,HOME OFFICE,30
30,ANN CHONG,NUNAVUT,NUNAVUT,CORPORATE,31
31,JOY BELL,NUNAVUT,NUNAVUT,HOME OFFICE,32
32,SKYE NORLING,NUNAVUT,NUNAVUT,HOME OFFICE,33
33,BARRY WEIRICH,NUNAVUT,NUNAVUT,CORPORATE,34
34,GRANT CARROLL,NUNAVUT,NUNAVUT,CORPORATE,35
35,ADRIAN HANE,NUNAVUT,NUNAVUT,CORPORATE,36
36,ANDREW GJERTSEN,NUNAVUT,NUNAVUT,CONSUMER,37
37,RALPH KNIGHT,NUNAVUT,NUNAVUT,CONSUMER,38
38,BETH PAIGE,NUNAVUT,NUNAVUT,CONSUMER,39
39,SYLVIA FOULSTON,NUNAVUT,NUNAVUT,CORPORATE,40
40,BETH PAIGE,NORTHWEST TERRITORIES,NORTHWEST TERRITORIES,CONSUMER,41
41,SYLVIA FOULSTON,NORTHWEST TERRITORIES,NORTHWEST TERRITORIES,CORPORATE,42
42,BRYAN DAVIS,NORTHWEST TERRITORIES,NORTHWEST TERRITORIES,CORPORATE,43
43,JOY BELL,NORTHWEST TERRITORIES,NORTHWEST TERRITORIES,HOME OFFICE,44
44,ALAN BARNES,NORTHWEST TERRITORIES,NORTHWEST TERRITORIES,CORPORATE,45
45,GRANT CARROLL,NORTHWEST TERRITORIES,NORTHWEST TERRITORIES,CORPORATE,46
46,DELFINA LATCHFORD,NORTHWEST TERRITORIES,NORTHWEST TERRITORIES,SMALL BUSINESS,47
47,DON JONES,NORTHWEST TERRITORIES,NORTHWEST TERRITORIES,CORPORATE,48
48,DOUG BICKFORD,NORTHWEST TERRITORIES,NORTHWEST TERRITORIES,CORPORATE,49
49,JAMIE KUNITZ,NORTHWEST TERRITORIES,NORTHWEST TERRITORIES,CORPORATE,50
50,ANTHONY JOHNSON,NORTHWEST TERRITORIES,NORTHWEST TERRITORIES,SMALL BUSINESS,51
51,RALPH KNIGHT,NORTHWEST TERRITORIES,NORTHWEST TERRITORIES,CONSUMER,52
52,ALLEN ROSENBLATT,NORTHWEST TERRITORIES,NORTHWEST TERRITORIES,SMALL BUSINESS,53
53,BARRY WEIRICH,NORTHWEST TERRITORIES,NORTHWEST TERRITORIES,CORPORATE,54
54,CARL JACKSON,NORTHWEST TERRITORIES,NORTHWEST TERRITORIES,HOME OFFICE,55
55,BRENDAN DODSON,NORTHWEST TERRITORIES,NORTHWEST TERRITORIES,CORPORATE,56
56,EDWARD HOOKS,NORTHWEST TERRITORIES,NORTHWEST TERRITORIES,CONSUMER,57
57,MICHELLE LONSDALE,NORTHWEST TERRITORIES,NORTHWEST TERRITORIES,HOME OFFICE,58
58,HUNTER GLANTZ,NORTHWEST TERRITORIES,NORTHWEST TERRITORIES,CORPORATE,59
59,EUGENE BARCHAS,NORTHWEST TERRITORIES,NORTHWEST TERRITORIES,HOME OFFICE,60
60,JIM RADFORD,NORTHWEST TERRITORIES,NORTHWEST TERRITORIES,CORPORATE,61
61,CARLOS SOLTERO,NORTHWEST TERRITORIES,NORTHWEST TERRITORIES,SMALL BUSINESS,62
62,GRANT CARROLL,NORTHWEST TERRITORIES,NORTHWEST TERRITORIES,SMALL BUSINESS,63
63,SKYE NORLING,NORTHWEST TERRITORIES,NORTHWEST TERRITORIES,HOME OFFICE,64
64,MUHAMMED MACINTYRE,NORTHWEST TERRITORIES,NORTHWEST TERRITORIES,SMALL BUSINESS,65
65,DOUG BICKFORD,NORTHWEST TERRITORIES,NORTHWEST TERRITORIES,SMALL BUSINESS,66
66,BETH THOMPSON,NORTHWEST TERRITORIES,NORTHWEST TERRITORIES,CORPORATE,67
67,DOROTHY BADDERS,NORTHWEST TERRITORIES,NORTHWEST TERRITORIES,HOME OFFICE,68
68,JULIA WEST,NORTHWEST TERRITORIES,NORTHWEST TERRITORIES,CORPORATE,69
69,BRAD EASON,NORTHWEST TERRITORIES,NORTHWEST TERRITORIES,SMALL BUSINESS,70
70,THOMAS SEIO,NORTHWEST TERRITORIES,NORTHWEST TERRITORIES,HOME OFFICE,71
71,MONICA FEDERLE,NORTHWEST TERRITORIES,NORTHWEST TERRITORIES,CORPORATE,72
72,FRANK PRICE,NORTHWEST TERRITORIES,NORTHWEST TERRITORIES,CORPORATE,73
73,NICOLE HANSEN,NORTHWEST TERRITORIES,NORTHWEST TERRITORIES,CORPORATE,74
74,NICOLE HANSEN,NORTHWEST TERRITORIES,NORTHWEST TERRITORIES,SMALL BUSINESS,75
75,CARLOS SOLTERO,NORTHWEST TERRITORIES,NORTHWEST TERRITORIES,CONSUMER,76
76,DON MILLER,NORTHWEST TERRITORIES,NORTHWEST TERRITORIES,HOME OFFICE,77
77,BECKY CASTELL,NORTHWEST TERRITORIES,NORTHWEST TERRITORIES,CONSUMER,78
78,DOROTHY WARDLE,NORTHWEST TERRITORIES,NORTHWEST TERRITORIES,CORPORATE,79
79,ANN CHONG,NORTHWEST TERRITORIES,NORTHWEST TERRITORIES,CORPORATE,80
80,CLAY ROZENDAL,NORTHWEST TERRITORIES,NORTHWEST TERRITORIES,CORPORATE,81
81,CARLOS DALY,NORTHWEST TERRITORIES,NORTHWEST TERRITORIES,HOME OFFICE,82
82,CARI SCHNELLING,NORTHWEST TERRITORIES,NORTHWEST TERRITORIES,HOME OFFICE,83
83,CHAD CUNNINGHAM,NORTHWEST TERRITORIES,NORTHWEST TERRITORIES,SMALL BUSINESS,84
84,BRYAN MILLS,NORTHWEST TERRITORIES,NORTHWEST TERRITORIES,SMALL BUSINESS,85
85,ADRIAN HANE,NORTHWEST TERRITORIES,NORTHWEST TERRITORIES,CORPORATE,86
86,RICK REED,NORTHWEST TERRITORIES,NORTHWEST TERRITORIES,CONSUMER,87
87,HEATHER KIRKLAND,NORTHWEST TERRITORIES,NORTHWEST TERRITORIES,HOME OFFICE,88
88,FRED WASSERMAN,NORTHWEST TERRITORIES,NORTHWEST TERRITORIES,HOME OFFICE,89
89,CLAUDIA MINER,NORTHWEST TERRITORIES,NORTHWEST TERRITORIES,SMALL BUSINESS,90
90,JACK LEBRON,NORTHWEST TERRITORIES,NORTHWEST TERRITORIES,CORPORATE,91
91,JULIA WEST,NORTHWEST TERRITORIES,NORTHWEST TERRITORIES,HOME OFFICE,92
92,EUGENE BARCHAS,NORTHWEST TERRITORIES,NORTHWEST TERRITORIES,CORPORATE,93
93,CARL LUDWIG,NORTHWEST TERRITORIES,NORTHWEST TERRITORIES,CORPORATE,94
94,JULIA WEST,NORTHWEST TERRITORIES,NORTHWEST TERRITORIES,SMALL BUSINESS,95
95,MIKE PELLETIER,NORTHWEST TERRITORIES,NORTHWEST TERRITORIES,CORPORATE,96
96,CHARLES MCCROSSIN,NORTHWEST TERRITORIES,NORTHWEST TERRITORIES,CORPORATE,97
97,ANNIE CYPRUS,NORTHWEST TERRITORIES,NORTHWEST TERRITORIES,HOME OFFICE,98
98,MICHELLE LONSDALE,NORTHWEST TERRITORIES,NORTHWEST TERRITORIES,CORPORATE,99
99,CHARLOTTE MELTON,NORTHWEST TERRITORIES,NORTHWEST TERRITORIES,HOME OFFICE,100
100,BARRY FRENCH,NORTHWEST TERRITORIES,NORTHWEST TERRITORIES,CONSUMER,101
101,HENRY GOLDWYN,NORTHWEST TERRITORIES,NORTHWEST TERRITORIES,SMALL BUSINESS,102
102,ROY SKARIA,NORTHWEST TERRITORIES,NORTHWEST TERRITORIES,CORPORATE,103
103,JEREMY LONSDALE,NORTHWEST TERRITORIES,NORTHWEST TERRITORIES,CORPORATE,104
104,CARLOS DALY,NORTHWEST TERRITORIES,NORTHWEST TERRITORIES,CORPORATE,105
105,CINDY SCHNELLING,NORTHWEST TERRITORIES,NORTHWEST TERRITORIES,CORPORATE,106
106,SUSAN VITTORINI,NORTHWEST TERRITORIES,NORTHWEST TERRITORIES,CORPORATE,107
107,TOBY BRAUNHARDT,NORTHWEST TERRITORIES,NORTHWEST TERRITORIES,CORPORATE,108
108,JULIA WEST,NORTHWEST TERRITORIES,NORTHWEST TERRITORIES,CONSUMER,109
109,SUSAN VITTORINI,NORTHWEST TERRITORIES,NORTHWEST TERRITORIES,HOME OFFICE,110
110,MIKE PELLETIER,NORTHWEST TERRITORIES,NORTHWEST TERRITORIES,SMALL BUSINESS,111
111,NEOLA SCHNEIDER,NORTHWEST TERRITORIES,NORTHWEST TERRITORIES,HOME OFFICE,112
112,CARI SCHNELLING,NORTHWEST TERRITORIES,NORTHWEST TERRITORIES,SMALL BUSINESS,113
113,ANDREW GJERTSEN,NORTHWEST TERRITORIES,NORTHWEST TERRITORIES,CONSUMER,114
114,RALPH ARNETT,NORTHWEST TERRITORIES,NORTHWEST TERRITORIES,CONSUMER,115
115,BRYAN MILLS,NORTHWEST TERRITORIES,NORTHWEST TERRITORIES,CORPORATE,116
116,GRANT CARROLL,PRINCE EDWARD ISLAND,ATLANTIC,SMALL BUSINESS,117
117,JULIA WEST,PRINCE EDWARD ISLAND,ATLANTIC,CONSUMER,118
118,MUHAMMED MACINTYRE,PRINCE EDWARD ISLAND,ATLANTIC,SMALL BUSINESS,119
119,SUSAN VITTORINI,PRINCE EDWARD ISLAND,ATLANTIC,CORPORATE,120
120,SYLVIA FOULSTON,PRINCE EDWARD ISLAND,ATLANTIC,CORPORATE,121
121,DOUG BICKFORD,PRINCE EDWARD ISLAND,ATLANTIC,CORPORATE,122
122,DOROTHY BADDERS,PRINCE EDWARD ISLAND,ATLANTIC,HOME OFFICE,123
123,HENRY GOLDWYN,PRINCE EDWARD ISLAND,ATLANTIC,SMALL BUSINESS,124
124,CHAD CUNNINGHAM,PRINCE EDWARD ISLAND,ATLANTIC,SMALL BUSINESS,125
125,BETH THOMPSON,PRINCE EDWARD ISLAND,ATLANTIC,CORPORATE,126
126,ANDREW GJERTSEN,PRINCE EDWARD ISLAND,ATLANTIC,CONSUMER,127
127,MICHELLE LONSDALE,PRINCE EDWARD ISLAND,ATLANTIC,CORPORATE,128
128,CARI SCHNELLING,PRINCE EDWARD ISLAND,ATLANTIC,SMALL BUSINESS,129
129,EDWARD HOOKS,PRINCE EDWARD ISLAND,ATLANTIC,CONSUMER,130
130,BRENDAN DODSON,PRINCE EDWARD ISLAND,ATLANTIC,CORPORATE,131
131,HAROLD ENGLE,PRINCE EDWARD ISLAND,ATLANTIC,CONSUMER,132
132,ROY FRENCH,PRINCE EDWARD ISLAND,ATLANTIC,CONSUMER,133
133,HELEN ABELMAN,PRINCE EDWARD ISLAND,ATLANTIC,HOME OFFICE,134
134,GUY ARMSTRONG,PRINCE EDWARD ISLAND,ATLANTIC,CORPORATE,135
135,JENNIFER BRAXTON,PRINCE EDWARD ISLAND,ATLANTIC,SMALL BUSINESS,136
136,GIULIETTA BAPTIST,PRINCE EDWARD ISLAND,ATLANTIC,HOME OFFICE,137
137,JACK LEBRON,PRINCE EDWARD ISLAND,ATLANTIC,CORPORATE,138
138,ERICA BERN,PRINCE EDWARD ISLAND,ATLANTIC,CORPORATE,139
139,CHRISTOPHER SCHILD,PRINCE EDWARD ISLAND,ATLANTIC,CORPORATE,140
140,JOY SMITH,PRINCE EDWARD ISLAND,ATLANTIC,CORPORATE,141
141,EVAN MINNOTTE,PRINCE EDWARD ISLAND,ATLANTIC,CORPORATE,142
142,JENNA CAFFEY,PRINCE EDWARD ISLAND,ATLANTIC,CONSUMER,143
143,HAROLD ENGLE,PRINCE EDWARD ISLAND,ATLANTIC,HOME OFFICE,144
144,HILARY HOLDEN,PRINCE EDWARD ISLAND,ATLANTIC,CORPORATE,145
145,GREG GUTHRIE,PRINCE EDWARD ISLAND,ATLANTIC,CORPORATE,146
146,JOY SMITH,PRINCE EDWARD ISLAND,ATLANTIC,CONSUMER,147
147,DAN REICHENBACH,PRINCE EDWARD ISLAND,ATLANTIC,CORPORATE,148
148,PAUL GONZALEZ,PRINCE EDWARD ISLAND,ATLANTIC,CORPORATE,149
149,FILIA MCADAMS,PRINCE EDWARD ISLAND,ATLANTIC,SMALL BUSINESS,150
150,GREG GUTHRIE,PRINCE EDWARD ISLAND,ATLANTIC,SMALL BUSINESS,151
151,CHUCK MAGEE,PRINCE EDWARD ISLAND,ATLANTIC,CORPORATE,152
152,FRANK ATKINSON,PRINCE EDWARD ISLAND,ATLANTIC,CORPORATE,153
153,CARLOS SOLTERO,PRINCE EDWARD ISLAND,ATLANTIC,CONSUMER,154
154,PHILIP BROWN,PRINCE EDWARD ISLAND,ATLANTIC,HOME OFFICE,155
155,ERICA BERN,PRINCE EDWARD ISLAND,ATLANTIC,SMALL BUSINESS,156
156,CARLOS SOLTERO,PRINCE EDWARD ISLAND,ATLANTIC,SMALL BUSINESS,157
157,JIM SINK,PRINCE EDWARD ISLAND,ATLANTIC,CORPORATE,158
158,PHILIP BROWN,PRINCE EDWARD ISLAND,ATLANTIC,CORPORATE,159
159,LOGAN HAUSHALTER,PRINCE EDWARD ISLAND,ATLANTIC,CORPORATE,160
160,NOAH CHILDS,PRINCE EDWARD ISLAND,ATLANTIC,HOME OFFICE,161
161,NOAH CHILDS,MANITOBA,PRARIE,HOME OFFICE,162
162,EVAN MINNOTTE,MANITOBA,PRARIE,CORPORATE,163
163,GUY ARMSTRONG,MANITOBA,PRARIE,CORPORATE,164
164,CHUCK MAGEE,MANITOBA,PRARIE,CORPORATE,165
165,GREG GUTHRIE,MANITOBA,PRARIE,SMALL BUSINESS,166
166,CARLOS SOLTERO,MANITOBA,PRARIE,SMALL BUSINESS,167
167,GREG GUTHRIE,MANITOBA,PRARIE,CORPORATE,168
168,CARLOS SOLTERO,MANITOBA,PRARIE,CONSUMER,169
169,CHRISTOPHER SCHILD,MANITOBA,PRARIE,CORPORATE,170
170,JOY SMITH,MANITOBA,PRARIE,CORPORATE,171
171,JOY SMITH,MANITOBA,PRARIE,CONSUMER,172
172,BRIAN MOSS,MANITOBA,PRARIE,CORPORATE,173
173,LOGAN HAUSHALTER,MANITOBA,PRARIE,CORPORATE,174
174,JIM SINK,MANITOBA,PRARIE,CORPORATE,175
175,JENNIFER BRAXTON,MANITOBA,PRARIE,SMALL BUSINESS,176
176,HAROLD ENGLE,MANITOBA,PRARIE,HOME OFFICE,177
177,HILARY HOLDEN,MANITOBA,PRARIE,CORPORATE,178
178,ERICA BERN,MANITOBA,PRARIE,CORPORATE,179
179,HAROLD ENGLE,MANITOBA,PRARIE,CONSUMER,180
180,HELEN ABELMAN,MANITOBA,PRARIE,HOME OFFICE,181
181,JACK LEBRON,BRITISH COLUMBIA,WEST,CORPORATE,182
182,GIULIETTA BAPTIST,BRITISH COLUMBIA,WEST,HOME OFFICE,183
183,JIM SINK,BRITISH COLUMBIA,WEST,CORPORATE,184
184,JULIE CREIGHTON,BRITISH COLUMBIA,WEST,CORPORATE,185
185,SANJIT CHAND,BRITISH COLUMBIA,WEST,HOME OFFICE,186
186,MATT COLLINS,BRITISH COLUMBIA,WEST,CONSUMER,187
187,JUSTIN KNIGHT,BRITISH COLUMBIA,WEST,CORPORATE,188
188,ROB HABERLIN,BRITISH COLUMBIA,WEST,CORPORATE,189
189,ROB HABERLIN,BRITISH COLUMBIA,WEST,CONSUMER,190
190,CHRISTINA VANDERZANDEN,BRITISH COLUMBIA,WEST,SMALL BUSINESS,191
191,LENA CACIOPPO,BRITISH COLUMBIA,WEST,HOME OFFICE,192
192,KIMBERLY CARTER,BRITISH COLUMBIA,WEST,HOME OFFICE,193
193,GENE HALE,BRITISH COLUMBIA,WEST,CONSUMER,194
194,SALLY KNUTSON,BRITISH COLUMBIA,WEST,CONSUMER,195
195,MARINA LICHTENSTEIN,BRITISH COLUMBIA,WEST,CORPORATE,196
196,MICHELLE ARNETT,BRITISH COLUMBIA,WEST,HOME OFFICE,197
197,SETH VERNON,BRITISH COLUMBIA,WEST,HOME OFFICE,198
198,LUKE WEISS,BRITISH COLUMBIA,WEST,CORPORATE,199
199,ANTHONY JOHNSON,BRITISH COLUMBIA,WEST,SMALL BUSINESS,200
200,KIMBERLY CARTER,BRITISH COLUMBIA,WEST,SMALL BUSINESS,201
201,SALLY KNUTSON,BRITISH COLUMBIA,WEST,CORPORATE,202
202,CHRISTINA DEMOSS,BRITISH COLUMBIA,WEST,HOME OFFICE,203
203,MONICA FEDERLE,BRITISH COLUMBIA,WEST,CORPORATE,204
204,JOY SMITH,BRITISH COLUMBIA,WEST,CONSUMER,205
205,SONIA SUNLEY,BRITISH COLUMBIA,WEST,SMALL BUSINESS,206
206,ANTHONY O'DONNELL,BRITISH COLUMBIA,WEST,CONSUMER,207
207,EMILY GRADY,BRITISH COLUMBIA,WEST,HOME OFFICE,208
208,ALEX AVILA,BRITISH COLUMBIA,WEST,HOME OFFICE,209
209,BRIAN MOSS,BRITISH COLUMBIA,WEST,CORPORATE,210
210,ANNA ANDREADI,BRITISH COLUMBIA,WEST,SMALL BUSINESS,211
211,BARBARA FISHER,BRITISH COLUMBIA,WEST,SMALL BUSINESS,212
212,KELLY WILLIAMS,BRITISH COLUMBIA,WEST,CORPORATE,213
213,SONIA SUNLEY,BRITISH COLUMBIA,WEST,CORPORATE,214
214,JOCASTA RUPERT,BRITISH COLUMBIA,WEST,CONSUMER,215
215,RICK DUSTON,BRITISH COLUMBIA,WEST,CORPORATE,216
216,ANGELE HOOD,BRITISH COLUMBIA,WEST,CONSUMER,217
217,DENNIS BOLTON,BRITISH COLUMBIA,WEST,CONSUMER,218
218,STEWART CARMICHAEL,BRITISH COLUMBIA,WEST,CORPORATE,219
219,ALEX AVILA,BRITISH COLUMBIA,WEST,CORPORATE,220
220,SARAH FOSTER,BRITISH COLUMBIA,WEST,CORPORATE,221
221,JIM KARLSSON,BRITISH COLUMBIA,WEST,SMALL BUSINESS,222
222,LISA DECHERNEY,BRITISH COLUMBIA,WEST,CORPORATE,223
223,ROY SKARIA,BRITISH COLUMBIA,WEST,CORPORATE,224
224,DENNIS BOLTON,BRITISH COLUMBIA,WEST,SMALL BUSINESS,225
225,PETER BUHLER,BRITISH COLUMBIA,WEST,CONSUMER,226
226,ANTHONY O'DONNELL,BRITISH COLUMBIA,WEST,CORPORATE,227
227,DANIEL LACY,BRITISH COLUMBIA,WEST,SMALL BUSINESS,228
228,GIULIETTA WEIMER,BRITISH COLUMBIA,WEST,CORPORATE,229
229,MIKE VITTORINI,BRITISH COLUMBIA,WEST,SMALL BUSINESS,230
230,LELA DONOVAN,BRITISH COLUMBIA,WEST,CORPORATE,231
231,SHAHID SHARIARI,BRITISH COLUMBIA,WEST,CORPORATE,232
232,TRUDY SCHMIDT,BRITISH COLUMBIA,WEST,SMALL BUSINESS,233
233,CHRISTOPHER MARTINEZ,BRITISH COLUMBIA,WEST,SMALL BUSINESS,234
234,MARC HARRIGAN,BRITISH COLUMBIA,WEST,HOME OFFICE,235
235,LIZ PRICE,BRITISH COLUMBIA,WEST,CONSUMER,236
236,RALPH KENNEDY,BRITISH COLUMBIA,WEST,CORPORATE,237
237,ROB DOWD,BRITISH COLUMBIA,WEST,CORPORATE,238
238,KHLOE MILLER,BRITISH COLUMBIA,WEST,HOME OFFICE,239
239,SHAHID HOPKINS,BRITISH COLUMBIA,WEST,SMALL BUSINESS,240
240,KRISTINA NUNN,BRITISH COLUMBIA,WEST,CONSUMER,241
241,RICARDO EMERSON,BRITISH COLUMBIA,WEST,CORPORATE,242
242,PATRICK O'BRILL,BRITISH COLUMBIA,WEST,HOME OFFICE,243
243,THOMAS BRUMLEY,BRITISH COLUMBIA,WEST,CONSUMER,244
244,VICKY FREYMANN,BRITISH COLUMBIA,WEST,HOME OFFICE,245
245,KHLOE MILLER,BRITISH COLUMBIA,WEST,CORPORATE,246
246,TONY CHAPMAN,BRITISH COLUMBIA,WEST,CONSUMER,247
247,LIZ PRICE,BRITISH COLUMBIA,WEST,CORPORATE,248
248,SARAH BERN,BRITISH COLUMBIA,WEST,CORPORATE,249
249,MARK COUSINS,BRITISH COLUMBIA,WEST,HOME OFFICE,250
250,MARK COUSINS,BRITISH COLUMBIA,WEST,CORPORATE,251
251,DANIEL BYRD,BRITISH COLUMBIA,WEST,HOME OFFICE,252
252,JOHN MURRAY,BRITISH COLUMBIA,WEST,SMALL BUSINESS,253
253,LENA HERNANDEZ,BRITISH COLUMBIA,WEST,HOME OFFICE,254
254,GREG MAXWELL,BRITISH COLUMBIA,WEST,HOME OFFICE,255
255,GIULIETTA WEIMER,BRITISH COLUMBIA,WEST,HOME OFFICE,256
256,JUSTIN HIRSH,BRITISH COLUMBIA,WEST,CONSUMER,257
257,SHAHID SHARIARI,BRITISH COLUMBIA,WEST,CONSUMER,258
258,SALLY KNUTSON,BRITISH COLUMBIA,WEST,SMALL BUSINESS,259
259,SALLY KNUTSON,BRITISH COLUMBIA,WEST,HOME OFFICE,260
260,HEATHER JAS,BRITISH COLUMBIA,WEST,CORPORATE,261
261,PHILISSE OVERCASH,BRITISH COLUMBIA,WEST,SMALL BUSINESS,262
262,NEIL KNUDSON,BRITISH COLUMBIA,WEST,HOME OFFICE,263
263,CATHY ARMSTRONG,BRITISH COLUMBIA,WEST,CONSUMER,264
264,NEIL KNUDSON,BRITISH COLUMBIA,WEST,CORPORATE,265
265,CHUCK CLARK,BRITISH COLUMBIA,WEST,CORPORATE,266
266,KHLOE MILLER,BRITISH COLUMBIA,WEST,CONSUMER,267
267,BILL EPLETT,BRITISH COLUMBIA,WEST,CORPORATE,268
268,JOHN GRADY,BRITISH COLUMBIA,WEST,CORPORATE,269
269,KHLOE MILLER,NOVA SCOTIA,ATLANTIC,HOME OFFICE,270
270,TONY CHAPMAN,NOVA SCOTIA,ATLANTIC,CONSUMER,271
271,RALPH KENNEDY,NOVA SCOTIA,ATLANTIC,CORPORATE,272
272,TRUDY SCHMIDT,NOVA SCOTIA,ATLANTIC,SMALL BUSINESS,273
273,GENE HALE,NOVA SCOTIA,ATLANTIC,CONSUMER,274
274,SARAH BERN,NOVA SCOTIA,ATLANTIC,CORPORATE,275
275,JUSTIN HIRSH,NOVA SCOTIA,ATLANTIC,CONSUMER,276
276,LIZ PRICE,NOVA SCOTIA,ATLANTIC,CONSUMER,277
277,GREG MAXWELL,NOVA SCOTIA,ATLANTIC,HOME OFFICE,278
278,MARC HARRIGAN,NOVA SCOTIA,ATLANTIC,HOME OFFICE,279
279,SALLY KNUTSON,NOVA SCOTIA,ATLANTIC,CORPORATE,280
280,GIULIETTA WEIMER,NOVA SCOTIA,ATLANTIC,CORPORATE,281
281,KRISTINA NUNN,NOVA SCOTIA,ATLANTIC,CONSUMER,282
282,CHUCK CLARK,NOVA SCOTIA,ATLANTIC,CORPORATE,283
283,SALLY KNUTSON,NOVA SCOTIA,ATLANTIC,CONSUMER,284
284,TANJA NORVELL,NOVA SCOTIA,ATLANTIC,CONSUMER,285
285,LIZ PRICE,NOVA SCOTIA,ATLANTIC,CORPORATE,286
286,VICKY FREYMANN,NOVA SCOTIA,ATLANTIC,HOME OFFICE,287
287,PHILISSE OVERCASH,NOVA SCOTIA,ATLANTIC,SMALL BUSINESS,288
288,PATRICK O'BRILL,NOVA SCOTIA,ATLANTIC,HOME OFFICE,289
289,CATHY ARMSTRONG,NOVA SCOTIA,ATLANTIC,CONSUMER,290
290,HEATHER JAS,NOVA SCOTIA,ATLANTIC,CORPORATE,291
291,LENA HERNANDEZ,NOVA SCOTIA,ATLANTIC,HOME OFFICE,292
292,SHAHID SHARIARI,NOVA SCOTIA,ATLANTIC,CONSUMER,293
293,KHLOE MILLER,NOVA SCOTIA,ATLANTIC,CONSUMER,294
294,PAUL MACINTYRE,NOVA SCOTIA,ATLANTIC,CORPORATE,295
295,MIKE VITTORINI,NOVA SCOTIA,ATLANTIC,SMALL BUSINESS,296
296,JOHN GRADY,NOVA SCOTIA,ATLANTIC,CORPORATE,297
297,RICARDO EMERSON,NOVA SCOTIA,ATLANTIC,CORPORATE,298
298,MATT ABELMAN,NOVA SCOTIA,ATLANTIC,CONSUMER,299
299,SARAH JORDON,NOVA SCOTIA,ATLANTIC,CONSUMER,300
300,SALLY MATTHIAS,NOVA SCOTIA,ATLANTIC,CORPORATE,301
301,SALLY MATTHIAS,NOVA SCOTIA,ATLANTIC,HOME OFFICE,302
302,THEONE PIPPENGER,NOVA SCOTIA,ATLANTIC,CORPORATE,303
303,ART FERGUSON,NOVA SCOTIA,ATLANTIC,CORPORATE,304
304,JACK O'BRIANT,NOVA SCOTIA,ATLANTIC,HOME OFFICE,305
305,NATHAN CANO,NOVA SCOTIA,ATLANTIC,CONSUMER,306
306,MICHAEL GRANLUND,NOVA SCOTIA,ATLANTIC,CORPORATE,307
307,STEVE CARROLL,NOVA SCOTIA,ATLANTIC,CONSUMER,308
308,SCOTT WILLIAMSON,NOVA SCOTIA,ATLANTIC,SMALL BUSINESS,309
309,DENNIS BOLTON,NOVA SCOTIA,ATLANTIC,SMALL BUSINESS,310
310,SEAN WENDT,NOVA SCOTIA,ATLANTIC,CORPORATE,311
311,JOHN CASTELL,NOVA SCOTIA,ATLANTIC,CONSUMER,312
312,JACK O'BRIANT,NOVA SCOTIA,ATLANTIC,SMALL BUSINESS,313
313,DAVID PHILIPPE,NOVA SCOTIA,ATLANTIC,CONSUMER,314
314,CHAD SIEVERT,NOVA SCOTIA,ATLANTIC,CORPORATE,315
315,MATT ABELMAN,NOVA SCOTIA,ATLANTIC,HOME OFFICE,316
316,SHAUN WEIEN,NOVA SCOTIA,ATLANTIC,HOME OFFICE,317
317,MAYA HERMAN,NOVA SCOTIA,ATLANTIC,CORPORATE,318
318,MICHAEL GRANLUND,NOVA SCOTIA,ATLANTIC,HOME OFFICE,319
319,JACK O'BRIANT,NOVA SCOTIA,ATLANTIC,CONSUMER,320
320,IVAN LISTON,NOVA SCOTIA,ATLANTIC,CONSUMER,321
321,BRAD NORVELL,NOVA SCOTIA,ATLANTIC,CORPORATE,322
322,KEN HEIDEL,NOVA SCOTIA,ATLANTIC,CORPORATE,323
323,JOHN CASTELL,NOVA SCOTIA,ATLANTIC,SMALL BUSINESS,324
324,MIKE KENNEDY,NOVA SCOTIA,ATLANTIC,SMALL BUSINESS,325
325,CHARLES SHELDON,NOVA SCOTIA,ATLANTIC,CORPORATE,326
326,MIKE KENNEDY,NOVA SCOTIA,ATLANTIC,CORPORATE,327
327,MATT ABELMAN,NOVA SCOTIA,ATLANTIC,SMALL BUSINESS,328
328,BRIAN DERR,NOVA SCOTIA,ATLANTIC,SMALL BUSINESS,329
329,ROLAND BLACK,NOVA SCOTIA,ATLANTIC,SMALL BUSINESS,330
330,DANA KAYDOS,NOVA SCOTIA,ATLANTIC,CORPORATE,331
331,DARREN KOUTRAS,NOVA SCOTIA,ATLANTIC,CONSUMER,332
332,NEIL DUCICH,NOVA SCOTIA,ATLANTIC,HOME OFFICE,333
333,SEAN WENDT,BRITISH COLUMBIA,WEST,CORPORATE,334
334,MIKE KENNEDY,BRITISH COLUMBIA,WEST,CORPORATE,335
335,MATT ABELMAN,BRITISH COLUMBIA,WEST,HOME OFFICE,336
336,SALLY MATTHIAS,BRITISH COLUMBIA,WEST,HOME OFFICE,337
337,STEVE CARROLL,BRITISH COLUMBIA,WEST,CONSUMER,338
338,JOHN CASTELL,BRITISH COLUMBIA,WEST,CONSUMER,339
339,NEIL DUCICH,BRITISH COLUMBIA,WEST,HOME OFFICE,340
340,PARHENA NORRIS,BRITISH COLUMBIA,WEST,HOME OFFICE,341
341,ROLAND BLACK,BRITISH COLUMBIA,WEST,SMALL BUSINESS,342
342,KEN HEIDEL,BRITISH COLUMBIA,WEST,CORPORATE,343
343,SARAH JORDON,BRITISH COLUMBIA,WEST,CONSUMER,344
344,JOHN CASTELL,BRITISH COLUMBIA,WEST,SMALL BUSINESS,345
345,BART WATTERS,BRITISH COLUMBIA,WEST,CORPORATE,346
346,MARY O'ROURKE,BRITISH COLUMBIA,WEST,HOME OFFICE,347
347,NATHAN CANO,BRITISH COLUMBIA,WEST,CONSUMER,348
348,MATT ABELMAN,BRITISH COLUMBIA,WEST,SMALL BUSINESS,349
349,MICHAEL GRANLUND,BRITISH COLUMBIA,WEST,HOME OFFICE,350
350,DANA KAYDOS,BRITISH COLUMBIA,WEST,CORPORATE,351
351,CHAD SIEVERT,BRITISH COLUMBIA,WEST,CORPORATE,352
352,HUNTER LOPEZ,BRITISH COLUMBIA,WEST,CONSUMER,353
353,NATHAN MAUTZ,BRITISH COLUMBIA,WEST,CORPORATE,354
354,SHAUN WEIEN,BRITISH COLUMBIA,WEST,HOME OFFICE,355
355,NATHAN MAUTZ,BRITISH COLUMBIA,WEST,HOME OFFICE,356
356,THEONE PIPPENGER,BRITISH COLUMBIA,WEST,CORPORATE,357
357,SCOTT WILLIAMSON,BRITISH COLUMBIA,WEST,SMALL BUSINESS,358
358,MIKE KENNEDY,BRITISH COLUMBIA,WEST,SMALL BUSINESS,359
359,MIKE KENNEDY,MANITOBA,PRARIE,CORPORATE,360
360,MARK COUSINS,MANITOBA,PRARIE,CORPORATE,361
361,ROLAND BLACK,MANITOBA,PRARIE,SMALL BUSINESS,362
362,BART WATTERS,MANITOBA,PRARIE,CORPORATE,363
363,MATT ABELMAN,MANITOBA,PRARIE,CONSUMER,364
364,PARHENA NORRIS,MANITOBA,PRARIE,HOME OFFICE,365
365,THEONE PIPPENGER,MANITOBA,PRARIE,CORPORATE,366
366,SALLY MATTHIAS,MANITOBA,PRARIE,HOME OFFICE,367
367,DANA KAYDOS,MANITOBA,PRARIE,CORPORATE,368
368,SEAN WENDT,MANITOBA,PRARIE,CORPORATE,369
369,NATHAN MAUTZ,MANITOBA,PRARIE,CORPORATE,370
370,AARON SMAYLING,MANITOBA,PRARIE,SMALL BUSINESS,371
371,CHARLES SHELDON,MANITOBA,PRARIE,CORPORATE,372
372,SHAUN WEIEN,MANITOBA,PRARIE,HOME OFFICE,373
373,MARY O'ROURKE,MANITOBA,PRARIE,HOME OFFICE,374
374,MARK COUSINS,MANITOBA,PRARIE,HOME OFFICE,375
375,BRAD NORVELL,MANITOBA,PRARIE,CORPORATE,376
376,CHAD SIEVERT,MANITOBA,PRARIE,CORPORATE,377
377,BRIAN DERR,MANITOBA,PRARIE,SMALL BUSINESS,378
378,NEIL DUCICH,MANITOBA,PRARIE,HOME OFFICE,379
379,SARAH JORDON,MANITOBA,PRARIE,CONSUMER,380
380,MIKE KENNEDY,MANITOBA,PRARIE,SMALL BUSINESS,381
381,MICHAEL GRANLUND,MANITOBA,PRARIE,HOME OFFICE,382
382,KEN HEIDEL,MANITOBA,PRARIE,CORPORATE,383
383,ART FERGUSON,MANITOBA,PRARIE,CORPORATE,384
384,STEVE CARROLL,MANITOBA,PRARIE,CONSUMER,385
385,NATHAN MAUTZ,MANITOBA,PRARIE,HOME OFFICE,386
386,MATT ABELMAN,MANITOBA,PRARIE,HOME OFFICE,387
387,NATHAN CANO,MANITOBA,PRARIE,CONSUMER,388
388,DENNIS BOLTON,MANITOBA,PRARIE,SMALL BUSINESS,389
389,JOEL JENKINS,MANITOBA,PRARIE,CORPORATE,390
390,MEG O'CONNEL,MANITOBA,PRARIE,CORPORATE,391
391,HALLIE REDMOND,MANITOBA,PRARIE,HOME OFFICE,392
392,LIZ THOMPSON,MANITOBA,PRARIE,CORPORATE,393
393,ROBERT WALDORF,MANITOBA,PRARIE,HOME OFFICE,394
394,HELEN ANDREADA,MANITOBA,PRARIE,CORPORATE,395
395,JULIA DUNBAR,MANITOBA,PRARIE,CONSUMER,396
396,CHRISTINE SUNDARESAM,MANITOBA,PRARIE,SMALL BUSINESS,397
397,BRUCE STEWART,MANITOBA,PRARIE,CORPORATE,398
398,GUY THORNTON,MANITOBA,PRARIE,CORPORATE,399
399,MARY ZEWE,MANITOBA,PRARIE,CORPORATE,400
400,KEN LONSDALE,MANITOBA,PRARIE,CONSUMER,401
401,MARIA BERTELSON,MANITOBA,PRARIE,HOME OFFICE,402
402,BRIAN THOMPSON,MANITOBA,PRARIE,HOME OFFICE,403
403,HALLIE REDMOND,MANITOBA,PRARIE,SMALL BUSINESS,404
404,JASON GROSS,MANITOBA,PRARIE,SMALL BUSINESS,405
405,KATRINA BAVINGER,MANITOBA,PRARIE,CONSUMER,406
406,MARIA BERTELSON,MANITOBA,PRARIE,CORPORATE,407
407,IVAN GIBSON,MANITOBA,PRARIE,CORPORATE,408
408,DOUG BICKFORD,ONTARIO,ONTARIO,CORPORATE,409
409,LIZ THOMPSON,ONTARIO,ONTARIO,CORPORATE,410
410,MARIA BERTELSON,ONTARIO,ONTARIO,HOME OFFICE,411
411,GUY THORNTON,ONTARIO,ONTARIO,CORPORATE,412
412,BRUCE STEWART,ONTARIO,ONTARIO,CORPORATE,413
413,BRIAN THOMPSON,ONTARIO,ONTARIO,HOME OFFICE,414
414,JOSEPH AIRDO,ONTARIO,ONTARIO,CORPORATE,415
415,CHRISTINA VANDERZANDEN,ONTARIO,ONTARIO,SMALL BUSINESS,416
416,JOSEPH AIRDO,ONTARIO,ONTARIO,CONSUMER,417
417,KEN LONSDALE,ONTARIO,ONTARIO,CONSUMER,418
418,ROBERT WALDORF,ONTARIO,ONTARIO,HOME OFFICE,419
419,KATRINA BAVINGER,ONTARIO,ONTARIO,CONSUMER,420
420,MEG O'CONNEL,ONTARIO,ONTARIO,SMALL BUSINESS,421
421,CHRISTINE SUNDARESAM,ONTARIO,ONTARIO,SMALL BUSINESS,422
422,LYCORIS SAUNDERS,ONTARIO,ONTARIO,HOME OFFICE,423
423,LYCORIS SAUNDERS,ONTARIO,ONTARIO,CORPORATE,424
424,DOROTHY DICKINSON,ONTARIO,ONTARIO,CORPORATE,425
425,MARY ZEWE,ONTARIO,ONTARIO,CORPORATE,426
426,JANET MOLINARI,ONTARIO,ONTARIO,CORPORATE,427
427,JULIE PRESCOTT,ONTARIO,ONTARIO,HOME OFFICE,428
428,MARIA BERTELSON,ONTARIO,ONTARIO,CORPORATE,429
429,ANNIE THURMAN,ONTARIO,ONTARIO,HOME OFFICE,430
430,MEG O'CONNEL,ONTARIO,ONTARIO,CORPORATE,431
431,ROB BEEGHLY,ONTARIO,ONTARIO,CONSUMER,432
432,IVAN GIBSON,ONTARIO,ONTARIO,CORPORATE,433
433,ANNIE THURMAN,ONTARIO,ONTARIO,CONSUMER,434
434,BILL EPLETT,ONTARIO,ONTARIO,CORPORATE,435
435,DOUG O'CONNELL,ONTARIO,ONTARIO,SMALL BUSINESS,436
436,CRAIG CARROLL,ONTARIO,ONTARIO,CORPORATE,437
437,LIZ MACKENDRICK,ONTARIO,ONTARIO,CORPORATE,438
438,CHRISTINE KARGATIS,ONTARIO,ONTARIO,SMALL BUSINESS,439
439,BOBBY ODEGARD,ONTARIO,ONTARIO,CORPORATE,440
440,CRAIG CARROLL,ONTARIO,ONTARIO,SMALL BUSINESS,441
441,RUSSELL APPLEGATE,ONTARIO,ONTARIO,HOME OFFICE,442
442,BILL DONATELLI,ONTARIO,ONTARIO,SMALL BUSINESS,443
443,BILL DONATELLI,ONTARIO,ONTARIO,CORPORATE,444
444,DUANE BENOIT,ONTARIO,ONTARIO,HOME OFFICE,445
445,BOBBY ODEGARD,ONTARIO,ONTARIO,CONSUMER,446
446,RUSSELL APPLEGATE,ONTARIO,ONTARIO,SMALL BUSINESS,447
447,JOEL JENKINS,ONTARIO,ONTARIO,CORPORATE,448
448,BRAD EASON,ONTARIO,ONTARIO,SMALL BUSINESS,449
449,JASON GROSS,ONTARIO,ONTARIO,SMALL BUSINESS,450
450,HAROLD PAWLAN,ONTARIO,ONTARIO,SMALL BUSINESS,451
451,ADAM BELLAVANCE,ONTARIO,ONTARIO,SMALL BUSINESS,452
452,CARI SAYRE,ONTARIO,ONTARIO,HOME OFFICE,453
453,LISA DECHERNEY,ONTARIO,ONTARIO,CORPORATE,454
454,ROY SKARIA,ONTARIO,ONTARIO,CORPORATE,455
455,SEAN O'DONNELL,ONTARIO,ONTARIO,CORPORATE,456
456,SUSAN VITTORINI,ONTARIO,ONTARIO,CORPORATE,457
457,SANDRA GLASSCO,ONTARIO,ONTARIO,HOME OFFICE,458
458,SKYE NORLING,ONTARIO,ONTARIO,HOME OFFICE,459
459,SUSAN VITTORINI,ONTARIO,ONTARIO,HOME OFFICE,460
460,SHIRLEY SCHMIDT,ONTARIO,ONTARIO,CORPORATE,461
461,RICK WILSON,ONTARIO,ONTARIO,CORPORATE,462
462,RICK WILSON,ONTARIO,ONTARIO,CONSUMER,463
463,PAULINE CHAND,ONTARIO,ONTARIO,CORPORATE,464
464,JENNIFER HALLADAY,ONTARIO,ONTARIO,HOME OFFICE,465
465,RITSA HIGHTOWER,ONTARIO,ONTARIO,CORPORATE,466
466,JONI BLUMSTEIN,ONTARIO,ONTARIO,HOME OFFICE,467
467,PETE ARMSTRONG,ONTARIO,ONTARIO,CONSUMER,468
468,PAULINE CHAND,ONTARIO,ONTARIO,SMALL BUSINESS,469
469,ANNA GAYMAN,ONTARIO,ONTARIO,CORPORATE,470
470,JONI BLUMSTEIN,ONTARIO,ONTARIO,CONSUMER,471
471,NAT GILPIN,ONTARIO,ONTARIO,CONSUMER,472
472,ROSE O'BRIAN,ONTARIO,ONTARIO,HOME OFFICE,473
473,BECKY CASTELL,ONTARIO,ONTARIO,CONSUMER,474
474,DANIEL RAGLIN,ONTARIO,ONTARIO,CORPORATE,475
475,CORINNA MITCHELL,ONTARIO,ONTARIO,CORPORATE,476
476,EVA JACOBS,ONTARIO,ONTARIO,HOME OFFICE,477
477,JAS O'CARROLL,ONTARIO,ONTARIO,CORPORATE,478
478,JAS O'CARROLL,ONTARIO,ONTARIO,HOME OFFICE,479
479,PAUL PROST,ONTARIO,ONTARIO,CORPORATE,480
480,PHILIP BROWN,ONTARIO,ONTARIO,HOME OFFICE,481
481,MICHAEL NGUYEN,ONTARIO,ONTARIO,SMALL BUSINESS,482
482,PHILIP BROWN,ONTARIO,ONTARIO,CORPORATE,483
483,LISA DECHERNEY,ONTARIO,ONTARIO,CONSUMER,484
484,PAUL MACINTYRE,ONTARIO,ONTARIO,CORPORATE,485
485,TAMARA DAHLEN,ONTARIO,ONTARIO,CORPORATE,486
486,ERIN CREIGHTON,ONTARIO,ONTARIO,CORPORATE,487
487,HENRY MACALLISTER,ONTARIO,ONTARIO,SMALL BUSINESS,488
488,CANDACE MCMAHON,ONTARIO,ONTARIO,CORPORATE,489
489,TAMARA CHAND,ONTARIO,ONTARIO,CONSUMER,490
490,DUANE HUFFMAN,ONTARIO,ONTARIO,SMALL BUSINESS,491
491,EDWARD NAZZAL,ONTARIO,ONTARIO,HOME OFFICE,492
492,KELLY LAMPKIN,ONTARIO,ONTARIO,CORPORATE,493
493,ANTHONY WITT,ONTARIO,ONTARIO,CORPORATE,494
494,TED TREVINO,ONTARIO,ONTARIO,CORPORATE,495
495,ED LUDWIG,ONTARIO,ONTARIO,CONSUMER,496
496,JEREMY ELLISON,ONTARIO,ONTARIO,SMALL BUSINESS,497
497,ALAN HWANG,ONTARIO,ONTARIO,CORPORATE,498
498,KELLY LAMPKIN,ONTARIO,ONTARIO,HOME OFFICE,499
499,EILEEN KIEFER,ONTARIO,ONTARIO,CONSUMER,500
500,JAMES LANIER,ONTARIO,ONTARIO,CORPORATE,501
501,EDWARD BECKER,ONTARIO,ONTARIO,CORPORATE,502
502,GARY ZANDUSKY,ONTARIO,ONTARIO,HOME OFFICE,503
503,ANN BLUME,ONTARIO,ONTARIO,CORPORATE,504
504,ERIN SMITH,ONTARIO,ONTARIO,HOME OFFICE,505
505,ALLEN GOLDEN,ONTARIO,ONTARIO,CONSUMER,506
506,FRANK CARLISLE,ONTARIO,ONTARIO,SMALL BUSINESS,507
507,GARY HANSEN,ONTARIO,ONTARIO,CONSUMER,508
508,NANCY LOMONACO,ONTARIO,ONTARIO,HOME OFFICE,509
509,ANNA HABERLIN,ONTARIO,ONTARIO,CORPORATE,510
510,ERIN ASHBROOK,ONTARIO,ONTARIO,CONSUMER,511
511,DARREN BUDD,ONTARIO,ONTARIO,CONSUMER,512
512,BILL STEWART,ONTARIO,ONTARIO,CORPORATE,513
513,CHRISTINE PHAN,ONTARIO,ONTARIO,SMALL BUSINESS,514
514,ALAN HWANG,ONTARIO,ONTARIO,SMALL BUSINESS,515
515,DARREN BUDD,ONTARIO,ONTARIO,CORPORATE,516
516,EUGENE HILDEBRAND,ONTARIO,ONTARIO,HOME OFFICE,517
517,EDWARD BECKER,ONTARIO,ONTARIO,HOME OFFICE,518
518,MELANIE PAGE,ONTARIO,ONTARIO,CORPORATE,519
519,JESUS OCAMPO,ONTARIO,ONTARIO,SMALL BUSINESS,520
520,DARREN POWERS,ONTARIO,ONTARIO,CORPORATE,521
521,PATRICK BZOSTEK,ONTARIO,ONTARIO,CONSUMER,522
522,DARREN BUDD,ONTARIO,ONTARIO,HOME OFFICE,523
523,GRACE KELLY,ONTARIO,ONTARIO,CONSUMER,524
524,DAN LAWERA,ONTARIO,ONTARIO,CORPORATE,525
525,GEORGE ASHBROOK,ONTARIO,ONTARIO,SMALL BUSINESS,526
526,DAVE HALLSTEN,ONTARIO,ONTARIO,HOME OFFICE,527
527,ARTHUR WIEDIGER,ONTARIO,ONTARIO,CORPORATE,528
528,DUANE HUFFMAN,ONTARIO,ONTARIO,CONSUMER,529
529,JIM MITCHUM,ONTARIO,ONTARIO,CONSUMER,530
530,ANDY YOTOV,ONTARIO,ONTARIO,CORPORATE,531
531,FRANK HAWLEY,ONTARIO,ONTARIO,HOME OFFICE,532
532,THERESA COYNE,ONTARIO,ONTARIO,HOME OFFICE,533
533,IVAN LISTON,ONTARIO,ONTARIO,CONSUMER,534
534,DAVID SMITH,ONTARIO,ONTARIO,SMALL BUSINESS,535
535,NARESJ PATEL,ONTARIO,ONTARIO,SMALL BUSINESS,536
536,RUBEN AUSMAN,ONTARIO,ONTARIO,CORPORATE,537
537,ROY FRENCH,ONTARIO,ONTARIO,CONSUMER,538
538,LARRY HUGHES,ONTARIO,ONTARIO,HOME OFFICE,539
539,MAGDELENE MORSE,ONTARIO,ONTARIO,HOME OFFICE,540
540,GEORGE ASHBROOK,ONTARIO,ONTARIO,CONSUMER,541
541,JONATHAN HOWELL,ONTARIO,ONTARIO,CONSUMER,542
542,LINDA CAZAMIAS,ONTARIO,ONTARIO,CORPORATE,543
543,NAT CARROLL,ONTARIO,ONTARIO,HOME OFFICE,544
544,GARY MITCHUM,ONTARIO,ONTARIO,CONSUMER,545
545,MATT HAGELSTEIN,ONTARIO,ONTARIO,HOME OFFICE,546
546,ANDY REITER,ONTARIO,ONTARIO,CORPORATE,547
547,MIKE CAUDLE,ONTARIO,ONTARIO,CORPORATE,548
548,CYNTHIA ARNTZEN,ONTARIO,ONTARIO,HOME OFFICE,549
549,EDWARD NAZZAL,ONTARIO,ONTARIO,SMALL BUSINESS,550
550,CYNTHIA ARNTZEN,ONTARIO,ONTARIO,SMALL BUSINESS,551
551,NOAH CHILDS,ONTARIO,ONTARIO,HOME OFFICE,552
552,BRIAN STUGART,ONTARIO,ONTARIO,CONSUMER,553
553,GEORGE BELL,ONTARIO,ONTARIO,CORPORATE,554
554,NARESJ PATEL,ONTARIO,ONTARIO,CORPORATE,555
555,JONI SUNDARESAM,ONTARIO,ONTARIO,HOME OFFICE,556
556,DAVE HALLSTEN,ONTARIO,ONTARIO,CORPORATE,557
557,MICHELLE HUTHWAITE,ONTARIO,ONTARIO,HOME OFFICE,558
558,DAVID PHILIPPE,ONTARIO,ONTARIO,CONSUMER,559
559,AMY COX,ONTARIO,ONTARIO,CORPORATE,560
560,CARI MACINTYRE,ONTARIO,ONTARIO,CORPORATE,561
561,EUDOKIA MARTIN,ONTARIO,ONTARIO,HOME OFFICE,562
562,FRED HOPKINS,ONTARIO,ONTARIO,HOME OFFICE,563
563,AMY COX,ONTARIO,ONTARIO,SMALL BUSINESS,564
564,AIMEE BIXBY,ONTARIO,ONTARIO,HOME OFFICE,565
565,ANEMONE RATNER,ONTARIO,ONTARIO,SMALL BUSINESS,566
566,CHRIS SELESNICK,ONTARIO,ONTARIO,HOME OFFICE,567
567,NOEL STAAVOS,ONTARIO,ONTARIO,HOME OFFICE,568
568,DEAN BRADEN,ONTARIO,ONTARIO,CORPORATE,569
569,LENA CREIGHTON,ONTARIO,ONTARIO,CORPORATE,570
570,MATT COLLISTER,ONTARIO,ONTARIO,HOME OFFICE,571
571,LENA CREIGHTON,ONTARIO,ONTARIO,HOME OFFICE,572
572,ERICA SMITH,ONTARIO,ONTARIO,SMALL BUSINESS,573
573,JANET MARTIN,ONTARIO,ONTARIO,CORPORATE,574
574,ANDREW ROBERTS,ONTARIO,ONTARIO,SMALL BUSINESS,575
575,MICHAEL DOMINGUEZ,ONTARIO,ONTARIO,HOME OFFICE,576
576,THOMAS BOLAND,ONTARIO,ONTARIO,CORPORATE,577
577,OLVERA TOCH,ONTARIO,ONTARIO,HOME OFFICE,578
578,LENA RADFORD,ONTARIO,ONTARIO,SMALL BUSINESS,579
579,SEAN CHRISTENSEN,ONTARIO,ONTARIO,HOME OFFICE,580
580,TODD BOYES,ONTARIO,ONTARIO,CONSUMER,581
581,TODD BOYES,ONTARIO,ONTARIO,SMALL BUSINESS,582
582,SEAN MILLER,ONTARIO,ONTARIO,SMALL BUSINESS,583
583,PHILLIP BREYER,ONTARIO,ONTARIO,CORPORATE,584
584,MICHELLE ELLISON,ONTARIO,ONTARIO,SMALL BUSINESS,585
585,MICHELLE ELLISON,ONTARIO,ONTARIO,CONSUMER,586
586,SCOT CORAM,ONTARIO,ONTARIO,CORPORATE,587
587,NATALIE FRITZLER,ONTARIO,ONTARIO,HOME OFFICE,588
588,NATHAN GELDER,ONTARIO,ONTARIO,HOME OFFICE,589
589,PATRICIA HIRASAKI,ONTARIO,ONTARIO,HOME OFFICE,590
590,MARIA ZETTNER,ONTARIO,ONTARIO,CORPORATE,591
591,MATTHEW CLASEN,ONTARIO,ONTARIO,CONSUMER,592
592,PATRICK O'DONNELL,ONTARIO,ONTARIO,HOME OFFICE,593
593,HARRY MARIE,ONTARIO,ONTARIO,CONSUMER,594
594,VICTORIA WILSON,ONTARIO,ONTARIO,HOME OFFICE,595
595,SHAHID COLLISTER,ONTARIO,ONTARIO,HOME OFFICE,596
596,KATRINA BAVINGER,ONTARIO,ONTARIO,HOME OFFICE,597
597,MICHELLE ELLISON,ONTARIO,ONTARIO,HOME OFFICE,598
598,THEA HENDRICKS,NEWFOUNDLAND,ATLANTIC,HOME OFFICE,599
599,COREY CATLETT,NEWFOUNDLAND,ATLANTIC,HOME OFFICE,600
600,ED JACOBS,NEWFOUNDLAND,ATLANTIC,SMALL BUSINESS,601
601,NOEL STAAVOS,NEWFOUNDLAND,ATLANTIC,HOME OFFICE,602
602,KEITH HERRERA,NEWFOUNDLAND,ATLANTIC,SMALL BUSINESS,603
603,CARLOS MEADOR,NEWFOUNDLAND,ATLANTIC,CORPORATE,604
604,CORINNA MITCHELL,NEWFOUNDLAND,ATLANTIC,CORPORATE,605
605,RAYMOND FAIR,NEWFOUNDLAND,ATLANTIC,SMALL BUSINESS,606
606,KARL BROWN,NEWFOUNDLAND,ATLANTIC,HOME OFFICE,607
607,NATALIE WEBBER,NEWFOUNDLAND,ATLANTIC,CONSUMER,608
608,ERIC BARRETO,NEWFOUNDLAND,ATLANTIC,CONSUMER,609
609,HUNTER LOPEZ,NEWFOUNDLAND,ATLANTIC,CONSUMER,610
610,BARRY FRANZ,NEWFOUNDLAND,ATLANTIC,CORPORATE,611
611,CRAIG YEDWAB,NEWFOUNDLAND,ATLANTIC,CORPORATE,612
612,ERIC BARRETO,NEWFOUNDLAND,ATLANTIC,SMALL BUSINESS,613
613,CHUCK SACHS,NEWFOUNDLAND,ATLANTIC,CONSUMER,614
614,MUHAMMED LEE,NEWFOUNDLAND,ATLANTIC,CONSUMER,615
615,KARL BROWN,NEWFOUNDLAND,ATLANTIC,CORPORATE,616
616,BOBBY TRAFTON,NEWFOUNDLAND,ATLANTIC,SMALL BUSINESS,617
617,DAVID FLASHING,NEWFOUNDLAND,ATLANTIC,HOME OFFICE,618
618,RICK DUSTON,NEWFOUNDLAND,ATLANTIC,CORPORATE,619
619,TROY STAEBEL,NEWFOUNDLAND,ATLANTIC,SMALL BUSINESS,620
620,NORA PAIGE,NEWFOUNDLAND,ATLANTIC,SMALL BUSINESS,621
621,AMY COX,NEWFOUNDLAND,ATLANTIC,SMALL BUSINESS,622
622,HAROLD DAHLEN,NEWFOUNDLAND,ATLANTIC,CORPORATE,623
623,JAY FINE,NEWFOUNDLAND,ATLANTIC,CONSUMER,624
624,DAN CAMPBELL,NEWFOUNDLAND,ATLANTIC,CORPORATE,625
625,GEORGE ZREBASSA,NEWFOUNDLAND,ATLANTIC,HOME OFFICE,626
626,ELENI MCCRARY,NEWFOUNDLAND,ATLANTIC,CORPORATE,627
627,FRANK ATKINSON,NEWFOUNDLAND,ATLANTIC,CORPORATE,628
628,ASTREA JONES,NEWFOUNDLAND,ATLANTIC,CORPORATE,629
629,GIULIETTA DORTCH,NEWFOUNDLAND,ATLANTIC,CONSUMER,630
630,CATHY HWANG,NEWFOUNDLAND,ATLANTIC,HOME OFFICE,631
631,DAMALA KOTSONIS,NEWFOUNDLAND,ATLANTIC,CORPORATE,632
632,DIANNA ARNETT,NEWFOUNDLAND,ATLANTIC,HOME OFFICE,633
633,FRED MCMATH,NEWFOUNDLAND,ATLANTIC,SMALL BUSINESS,634
634,CHRISTY BRITTAIN,NEWFOUNDLAND,ATLANTIC,CONSUMER,635
635,TOM PRESCOTT,NEWFOUNDLAND,ATLANTIC,SMALL BUSINESS,636
636,YANA SORENSEN,NEWFOUNDLAND,ATLANTIC,CORPORATE,637
637,HAROLD DAHLEN,NEWFOUNDLAND,ATLANTIC,CONSUMER,638
638,BRAD THOMAS,NEWFOUNDLAND,ATLANTIC,CORPORATE,639
639,CYNTHIA VOLTZ,NEWFOUNDLAND,ATLANTIC,CORPORATE,640
640,DEAN PERCER,NEWFOUNDLAND,ATLANTIC,CONSUMER,641
641,BEN PETERMAN,NEWFOUNDLAND,ATLANTIC,CORPORATE,642
642,TRACY PODDAR,NEWFOUNDLAND,ATLANTIC,CORPORATE,643
643,MICHAEL PAIGE,NEWFOUNDLAND,ATLANTIC,SMALL BUSINESS,644
644,COREY ROPER,NEWFOUNDLAND,ATLANTIC,SMALL BUSINESS,645
645,MAUREEN GASTINEAU,NEWFOUNDLAND,ATLANTIC,CONSUMER,646
646,MUHAMMED YEDWAB,NEWFOUNDLAND,ATLANTIC,CONSUMER,647
647,ALEX GRAYSON,NEWFOUNDLAND,ATLANTIC,CONSUMER,648
648,CHRIS CORTES,NEWFOUNDLAND,ATLANTIC,CONSUMER,649
649,DAN CAMPBELL,NEWFOUNDLAND,ATLANTIC,SMALL BUSINESS,650
650,SARA LUXEMBURG,NEWFOUNDLAND,ATLANTIC,SMALL BUSINESS,651
651,ERIC MURDOCK,NEWFOUNDLAND,ATLANTIC,HOME OFFICE,652
652,PAUL KNUTSON,NEWFOUNDLAND,ATLANTIC,CORPORATE,653
653,JANET MARTIN,NEWFOUNDLAND,ATLANTIC,CORPORATE,654
654,NICOLE BRENNAN,NEWFOUNDLAND,ATLANTIC,CONSUMER,655
655,JENNIFER PATT,NEWFOUNDLAND,ATLANTIC,HOME OFFICE,656
656,ELPIDA RITTENBACH,NOVA SCOTIA,ATLANTIC,CONSUMER,657
657,DAVID WIENER,NOVA SCOTIA,ATLANTIC,CONSUMER,658
658,PETER MCVEE,NOVA SCOTIA,ATLANTIC,SMALL BUSINESS,659
659,KAREN CARLISLE,NOVA SCOTIA,ATLANTIC,HOME OFFICE,660
660,STEFANIA PERRINO,NOVA SCOTIA,ATLANTIC,CORPORATE,661
661,JAY FINE,NOVA SCOTIA,ATLANTIC,CONSUMER,662
662,PAUL LUCAS,NOVA SCOTIA,ATLANTIC,CORPORATE,663
663,GEORGE ZREBASSA,NOVA SCOTIA,ATLANTIC,SMALL BUSINESS,664
664,GEORGE ZREBASSA,NOVA SCOTIA,ATLANTIC,HOME OFFICE,665
665,KARL BROWN,NOVA SCOTIA,ATLANTIC,CORPORATE,666
666,EVAN HENRY,NOVA SCOTIA,ATLANTIC,CORPORATE,667
667,KEITH HERRERA,NOVA SCOTIA,ATLANTIC,SMALL BUSINESS,668
668,ALYSSA TATE,NOVA SCOTIA,ATLANTIC,SMALL BUSINESS,669
669,MICHAEL STEWART,NOVA SCOTIA,ATLANTIC,SMALL BUSINESS,670
670,SHIRLEY JACKSON,NOVA SCOTIA,ATLANTIC,CORPORATE,671
671,BARRY WEIRICH,NOVA SCOTIA,ATLANTIC,CORPORATE,672
672,NATALIE WEBBER,NOVA SCOTIA,ATLANTIC,CORPORATE,673
673,DAMALA KOTSONIS,NOVA SCOTIA,ATLANTIC,CORPORATE,674
674,KAREN CARLISLE,NOVA SCOTIA,ATLANTIC,CORPORATE,675
675,NATALIE WEBBER,NOVA SCOTIA,ATLANTIC,CONSUMER,676
676,KATHERINE MURRAY,NOVA SCOTIA,ATLANTIC,HOME OFFICE,677
677,HUNTER LOPEZ,NOVA SCOTIA,ATLANTIC,CONSUMER,678
678,ERIC BARRETO,NOVA SCOTIA,ATLANTIC,SMALL BUSINESS,679
679,BARRY FRANZ,NOVA SCOTIA,ATLANTIC,CORPORATE,680
680,FRED MCMATH,NOVA SCOTIA,ATLANTIC,SMALL BUSINESS,681
681,BERENIKE KAMPE,NOVA SCOTIA,ATLANTIC,CORPORATE,682
682,DEAN PERCER,NOVA SCOTIA,ATLANTIC,HOME OFFICE,683
683,MUHAMMED LEE,NOVA SCOTIA,ATLANTIC,CONSUMER,684
684,NOEL STAAVOS,NOVA SCOTIA,ATLANTIC,HOME OFFICE,685
685,BOBBY TRAFTON,NOVA SCOTIA,ATLANTIC,SMALL BUSINESS,686
686,RICK DUSTON,NOVA SCOTIA,ATLANTIC,CORPORATE,687
687,KARL BROWN,NOVA SCOTIA,ATLANTIC,HOME OFFICE,688
688,ERICA HERNANDEZ,NOVA SCOTIA,ATLANTIC,SMALL BUSINESS,689
689,TONY MOLINARI,NOVA SCOTIA,ATLANTIC,CORPORATE,690
690,ELIZABETH MOFFITT,NOVA SCOTIA,ATLANTIC,CONSUMER,691
691,HAROLD DAHLEN,NOVA SCOTIA,ATLANTIC,CORPORATE,692
692,DAVID FLASHING,NOVA SCOTIA,ATLANTIC,HOME OFFICE,693
693,DAVID FLASHING,NOVA SCOTIA,ATLANTIC,CONSUMER,694
694,DEANRA ENO,NOVA SCOTIA,ATLANTIC,CORPORATE,695
695,CHUCK SACHS,NOVA SCOTIA,ATLANTIC,CONSUMER,696
696,CHRIS CORTES,NOVA SCOTIA,ATLANTIC,CONSUMER,697
697,RAYMOND FAIR,NOVA SCOTIA,ATLANTIC,SMALL BUSINESS,698
698,BOBBY TRAFTON,NOVA SCOTIA,ATLANTIC,CORPORATE,699
699,MARK PACKER,NOVA SCOTIA,ATLANTIC,SMALL BUSINESS,700
700,ANN BLUME,NOVA SCOTIA,ATLANTIC,SMALL BUSINESS,701
701,ALAN SHONELY,NOVA SCOTIA,ATLANTIC,SMALL BUSINESS,702
702,NORA PAIGE,NOVA SCOTIA,ATLANTIC,SMALL BUSINESS,703
703,FRANK ATKINSON,NOVA SCOTIA,ATLANTIC,CORPORATE,704
704,KATRINA WILLMAN,NOVA SCOTIA,ATLANTIC,CONSUMER,705
705,JANET MARTIN,NOVA SCOTIA,ATLANTIC,CORPORATE,706
706,ANTHONY GARVERICK,NOVA SCOTIA,ATLANTIC,SMALL BUSINESS,707
707,AARON HAWKINS,NOVA SCOTIA,ATLANTIC,HOME OFFICE,708
708,GIULIETTA DORTCH,NOVA SCOTIA,ATLANTIC,CONSUMER,709
709,CARLOS MEADOR,NOVA SCOTIA,ATLANTIC,CORPORATE,710
710,DAVE POIRIER,NOVA SCOTIA,ATLANTIC,SMALL BUSINESS,711
711,CHRISTY BRITTAIN,NOVA SCOTIA,ATLANTIC,CONSUMER,712
712,TROY STAEBEL,NOVA SCOTIA,ATLANTIC,SMALL BUSINESS,713
713,BRADLEY DRUCKER,NOVA SCOTIA,ATLANTIC,SMALL BUSINESS,714
714,MARK HABERLIN,NOVA SCOTIA,ATLANTIC,SMALL BUSINESS,715
715,BRAD THOMAS,NOVA SCOTIA,ATLANTIC,HOME OFFICE,716
716,BRAD THOMAS,NOVA SCOTIA,ATLANTIC,CORPORATE,717
717,ELENI MCCRARY,NOVA SCOTIA,ATLANTIC,CORPORATE,718
718,BRENDAN MURRY,NOVA SCOTIA,ATLANTIC,CORPORATE,719
719,PAUL KNUTSON,NOVA SCOTIA,ATLANTIC,CORPORATE,720
720,EMILY BURNS,NOVA SCOTIA,ATLANTIC,HOME OFFICE,721
721,MAUREEN GASTINEAU,NOVA SCOTIA,ATLANTIC,CONSUMER,722
722,ALEX GRAYSON,NOVA SCOTIA,ATLANTIC,CONSUMER,723
723,MICHAEL OAKMAN,NOVA SCOTIA,ATLANTIC,SMALL BUSINESS,724
724,DEBORAH BRUMFIELD,NOVA SCOTIA,ATLANTIC,SMALL BUSINESS,725
725,DIANNA ARNETT,NOVA SCOTIA,ATLANTIC,HOME OFFICE,726
726,AMY COX,NOVA SCOTIA,ATLANTIC,SMALL BUSINESS,727
727,SARA LUXEMBURG,NOVA SCOTIA,ATLANTIC,SMALL BUSINESS,728
728,ROBERT BARROSO,NOVA SCOTIA,ATLANTIC,SMALL BUSINESS,729
729,DARRIN SAYRE,NOVA SCOTIA,ATLANTIC,CONSUMER,730
730,DEBORAH BRUMFIELD,NOVA SCOTIA,ATLANTIC,CORPORATE,731
731,ELENI MCCRARY,NOVA SCOTIA,ATLANTIC,HOME OFFICE,732
732,MICHAEL KENNEDY,NOVA SCOTIA,ATLANTIC,CORPORATE,733
733,MARC CRIER,NOVA SCOTIA,ATLANTIC,CORPORATE,734
734,BOBBY ELIAS,NOVA SCOTIA,ATLANTIC,SMALL BUSINESS,735
735,JONI WASSERMAN,NOVA SCOTIA,ATLANTIC,CONSUMER,736
736,KAREN FERGUSON,NOVA SCOTIA,ATLANTIC,HOME OFFICE,737
737,NICOLE BRENNAN,NOVA SCOTIA,ATLANTIC,CONSUMER,738
738,GIULIETTA DORTCH,NOVA SCOTIA,ATLANTIC,CORPORATE,739
739,BRADLEY TALBOTT,NOVA SCOTIA,ATLANTIC,SMALL BUSINESS,740
740,BRADLEY TALBOTT,NOVA SCOTIA,ATLANTIC,CORPORATE,741
741,BRIAN STUGART,NOVA SCOTIA,ATLANTIC,CORPORATE,742
742,JULIA BARNETT,NOVA SCOTIA,ATLANTIC,CORPORATE,743
743,EMILY PHAN,NOVA SCOTIA,ATLANTIC,CONSUMER,744
744,LIZ WILLINGHAM,NOVA SCOTIA,ATLANTIC,HOME OFFICE,745
745,CRAIG YEDWAB,NOVA SCOTIA,ATLANTIC,CORPORATE,746
746,ANDY REITER,NOVA SCOTIA,ATLANTIC,CORPORATE,747
747,BEN PETERMAN,NOVA SCOTIA,ATLANTIC,CORPORATE,748
748,DENISE LEINENBACH,NOVA SCOTIA,ATLANTIC,HOME OFFICE,749
749,BILL TYLER,NOVA SCOTIA,ATLANTIC,CONSUMER,750
750,DENISE LEINENBACH,NOVA SCOTIA,ATLANTIC,CORPORATE,751
751,DEBRA CATINI,NOVA SCOTIA,ATLANTIC,SMALL BUSINESS,752
752,ANN BLUME,NOVA SCOTIA,ATLANTIC,CORPORATE,753
753,BECKY MARTIN,NOVA SCOTIA,ATLANTIC,HOME OFFICE,754
754,ERIC BARRETO,NOVA SCOTIA,ATLANTIC,CONSUMER,755
755,ASTREA JONES,NOVA SCOTIA,ATLANTIC,CORPORATE,756
756,COREY CATLETT,NOVA SCOTIA,ATLANTIC,HOME OFFICE,757
757,BENJAMIN VENIER,NOVA SCOTIA,ATLANTIC,SMALL BUSINESS,758
758,NORA PAIGE,NOVA SCOTIA,ATLANTIC,CONSUMER,759
759,TRACY PODDAR,NOVA SCOTIA,ATLANTIC,CORPORATE,760
760,BILL SHONELY,NOVA SCOTIA,ATLANTIC,SMALL BUSINESS,761
761,CRAIG YEDWAB,NOVA SCOTIA,ATLANTIC,CONSUMER,762
762,PIERRE WENER,NOVA SCOTIA,ATLANTIC,HOME OFFICE,763
763,DAN CAMPBELL,NOVA SCOTIA,ATLANTIC,CORPORATE,764
764,MICHAEL PAIGE,NOVA SCOTIA,ATLANTIC,SMALL BUSINESS,765
765,CATHY HWANG,NOVA SCOTIA,ATLANTIC,HOME OFFICE,766
766,SYLVIA FOULSTON,NOVA SCOTIA,ATLANTIC,CORPORATE,767
767,DAN CAMPBELL,NOVA SCOTIA,ATLANTIC,SMALL BUSINESS,768
768,JULIE KRIZ,NOVA SCOTIA,ATLANTIC,CORPORATE,769
769,SYLVIA FOULSTON,NOVA SCOTIA,ATLANTIC,CONSUMER,770
770,MUHAMMED YEDWAB,NOVA SCOTIA,ATLANTIC,CONSUMER,771
771,JENNIFER PATT,NOVA SCOTIA,ATLANTIC,HOME OFFICE,772
772,DAVID KENDRICK,NOVA SCOTIA,ATLANTIC,HOME OFFICE,773
773,DOUG JACOBS,NOVA SCOTIA,ATLANTIC,HOME OFFICE,774
774,LUKE FOSTER,NOVA SCOTIA,ATLANTIC,CORPORATE,775
775,BRIAN STUGART,NOVA SCOTIA,ATLANTIC,CONSUMER,776
776,SARA LUXEMBURG,NOVA SCOTIA,ATLANTIC,CORPORATE,777
777,DIANNA WILSON,NOVA SCOTIA,ATLANTIC,SMALL BUSINESS,778
778,DAVID SMITH,NOVA SCOTIA,ATLANTIC,SMALL BUSINESS,779
779,MICHELLE TRAN,QUEBEC,QUEBEC,CONSUMER,780
780,DAVE HALLSTEN,QUEBEC,QUEBEC,CORPORATE,781
781,SANJIT JACOBS,QUEBEC,QUEBEC,CONSUMER,782
782,BARRY GONZALEZ,QUEBEC,QUEBEC,CONSUMER,783
783,VIVIAN MATHIS,QUEBEC,QUEBEC,CORPORATE,784
784,VIVIAN MATHIS,QUEBEC,QUEBEC,HOME OFFICE,785
785,CAROL ADAMS,QUEBEC,QUEBEC,CORPORATE,786
786,VIVEK GONZALEZ,QUEBEC,QUEBEC,CONSUMER,787
787,BRADLEY NGUYEN,QUEBEC,QUEBEC,CONSUMER,788
788,MATT COLLISTER,QUEBEC,QUEBEC,HOME OFFICE,789
789,VIVIAN MATHIS,QUEBEC,QUEBEC,CONSUMER,790
790,MICHELLE TRAN,QUEBEC,QUEBEC,CORPORATE,791
791,PETE TAKAHITO,QUEBEC,QUEBEC,CORPORATE,792
792,RALPH ARNETT,QUEBEC,QUEBEC,CONSUMER,793
793,JASON KLAMCZYNSKI,QUEBEC,QUEBEC,SMALL BUSINESS,794
794,MICHELLE TRAN,QUEBEC,QUEBEC,HOME OFFICE,795
795,GREG TRAN,QUEBEC,QUEBEC,HOME OFFICE,796
796,GENE MCCLURE,QUEBEC,QUEBEC,HOME OFFICE,797
797,HELEN WASSERMAN,QUEBEC,QUEBEC,HOME OFFICE,798
798,HELEN WASSERMAN,QUEBEC,QUEBEC,CORPORATE,799
799,ROSS DEVINCENTIS,QUEBEC,QUEBEC,CORPORATE,800
800,JASON KLAMCZYNSKI,QUEBEC,QUEBEC,HOME OFFICE,801
801,VALERIE MITCHUM,QUEBEC,QUEBEC,HOME OFFICE,802
802,DAVE HALLSTEN,QUEBEC,QUEBEC,HOME OFFICE,803
803,BRADLEY NGUYEN,QUEBEC,QUEBEC,CORPORATE,804
804,BARRY GONZALEZ,QUEBEC,QUEBEC,SMALL BUSINESS,805
805,BART PISTOLE,QUEBEC,QUEBEC,CONSUMER,806
806,CHAD MCGUIRE,QUEBEC,QUEBEC,SMALL BUSINESS,807
807,SCOTT COHEN,QUEBEC,QUEBEC,CONSUMER,808
808,GENE MCCLURE,QUEBEC,QUEBEC,CONSUMER,809
809,VIVEK SUNDARESAM,QUEBEC,QUEBEC,HOME OFFICE,810
810,NATALIE DECHERNEY,QUEBEC,QUEBEC,CONSUMER,811
811,MICHELLE HUTHWAITE,QUEBEC,QUEBEC,HOME OFFICE,812
812,CYNTHIA DELANEY,QUEBEC,QUEBEC,CORPORATE,813
813,TOM STIVERS,QUEBEC,QUEBEC,CORPORATE,814
814,RICK REED,QUEBEC,QUEBEC,CONSUMER,815
815,GARY MCGARR,QUEBEC,QUEBEC,HOME OFFICE,816
816,CYNTHIA DELANEY,QUEBEC,QUEBEC,HOME OFFICE,817
817,TOM STIVERS,QUEBEC,QUEBEC,SMALL BUSINESS,818
818,BART PISTOLE,QUEBEC,QUEBEC,HOME OFFICE,819
819,DARREN BUDD,QUEBEC,QUEBEC,CORPORATE,820
820,LIZ WILLINGHAM,QUEBEC,QUEBEC,HOME OFFICE,821
821,STEFANIA PERRINO,QUEBEC,QUEBEC,CORPORATE,822
822,THEA HENDRICKS,QUEBEC,QUEBEC,HOME OFFICE,823
823,GRANT THORNTON,QUEBEC,QUEBEC,CORPORATE,824
824,CARLOS MEADOR,QUEBEC,QUEBEC,CONSUMER,825
825,CARLOS MEADOR,QUEBEC,QUEBEC,CORPORATE,826
826,DOUG JACOBS,QUEBEC,QUEBEC,HOME OFFICE,827
827,BECKY MARTIN,QUEBEC,QUEBEC,HOME OFFICE,828
828,SPEROS GORANITIS,QUEBEC,QUEBEC,CORPORATE,829
829,KATHERINE MURRAY,QUEBEC,QUEBEC,HOME OFFICE,830
830,MICHAEL PAIGE,QUEBEC,QUEBEC,SMALL BUSINESS,831
831,ROBERT BARROSO,QUEBEC,QUEBEC,SMALL BUSINESS,832
832,DEAN PERCER,QUEBEC,QUEBEC,HOME OFFICE,833
833,ANN BLUME,QUEBEC,QUEBEC,SMALL BUSINESS,834
834,DAMALA KOTSONIS,QUEBEC,QUEBEC,CORPORATE,835
835,PAUL KNUTSON,QUEBEC,QUEBEC,CORPORATE,836
836,GEORGE ZREBASSA,QUEBEC,QUEBEC,HOME OFFICE,837
837,NOEL STAAVOS,QUEBEC,QUEBEC,HOME OFFICE,838
838,AARON HAWKINS,QUEBEC,QUEBEC,HOME OFFICE,839
839,ELLIS BALLARD,QUEBEC,QUEBEC,CORPORATE,840
840,TOM PRESCOTT,QUEBEC,QUEBEC,SMALL BUSINESS,841
841,DIANNA ARNETT,QUEBEC,QUEBEC,HOME OFFICE,842
842,CHUCK SACHS,QUEBEC,QUEBEC,CONSUMER,843
843,BILL SHONELY,QUEBEC,QUEBEC,SMALL BUSINESS,844
844,ERIC BARRETO,QUEBEC,QUEBEC,CONSUMER,845
845,DAVE POIRIER,QUEBEC,QUEBEC,SMALL BUSINESS,846
846,DAVID FLASHING,QUEBEC,QUEBEC,HOME OFFICE,847
847,ELIZABETH MOFFITT,QUEBEC,QUEBEC,CONSUMER,848
848,BEN PETERMAN,QUEBEC,QUEBEC,CORPORATE,849
849,BRAD THOMAS,QUEBEC,QUEBEC,HOME OFFICE,850
850,YANA SORENSEN,QUEBEC,QUEBEC,CORPORATE,851
851,JANET MARTIN,QUEBEC,QUEBEC,CORPORATE,852
852,DEBRA CATINI,QUEBEC,QUEBEC,SMALL BUSINESS,853
853,DAN CAMPBELL,QUEBEC,QUEBEC,SMALL BUSINESS,854
854,SYLVIA FOULSTON,QUEBEC,QUEBEC,CORPORATE,855
855,ALEX GRAYSON,QUEBEC,QUEBEC,CONSUMER,856
856,BARRY FRANZ,QUEBEC,QUEBEC,CORPORATE,857
857,ANTHONY GARVERICK,QUEBEC,QUEBEC,SMALL BUSINESS,858
858,ASTREA JONES,QUEBEC,QUEBEC,CORPORATE,859
859,CATHY HWANG,QUEBEC,QUEBEC,HOME OFFICE,860
860,DEBORAH BRUMFIELD,QUEBEC,QUEBEC,CORPORATE,861
861,FRANK ATKINSON,QUEBEC,QUEBEC,CORPORATE,862
862,JULIE KRIZ,QUEBEC,QUEBEC,CORPORATE,863
863,ERICA HERNANDEZ,QUEBEC,QUEBEC,SMALL BUSINESS,864
864,BOBBY ELIAS,QUEBEC,QUEBEC,SMALL BUSINESS,865
865,JONI WASSERMAN,QUEBEC,QUEBEC,CONSUMER,866
866,JENNIFER PATT,QUEBEC,QUEBEC,HOME OFFICE,867
867,DIANNA WILSON,QUEBEC,QUEBEC,SMALL BUSINESS,868
868,EMILY PHAN,QUEBEC,QUEBEC,CONSUMER,869
869,KARL BROWN,QUEBEC,QUEBEC,HOME OFFICE,870
870,MARIBETH DONA,QUEBEC,QUEBEC,HOME OFFICE,871
871,EVAN HENRY,QUEBEC,QUEBEC,CORPORATE,872
872,BILL TYLER,QUEBEC,QUEBEC,CONSUMER,873
873,DENISE LEINENBACH,QUEBEC,QUEBEC,HOME OFFICE,874
874,MICHAEL STEWART,QUEBEC,QUEBEC,SMALL BUSINESS,875
875,CORINNA MITCHELL,QUEBEC,QUEBEC,CORPORATE,876
876,MICHAEL KENNEDY,QUEBEC,QUEBEC,CORPORATE,877
877,ALAN SHONELY,QUEBEC,QUEBEC,SMALL BUSINESS,878
878,SHIRLEY JACKSON,QUEBEC,QUEBEC,CORPORATE,879
879,FRED MCMATH,QUEBEC,QUEBEC,SMALL BUSINESS,880
880,ANDY REITER,QUEBEC,QUEBEC,CORPORATE,881
881,KARL BROWN,QUEBEC,QUEBEC,CORPORATE,882
882,MUHAMMED LEE,QUEBEC,QUEBEC,CONSUMER,883
883,PIERRE WENER,QUEBEC,QUEBEC,HOME OFFICE,884
884,PAUL LUCAS,QUEBEC,QUEBEC,CORPORATE,885
885,BENJAMIN VENIER,QUEBEC,QUEBEC,SMALL BUSINESS,886
886,HAROLD DAHLEN,QUEBEC,QUEBEC,CORPORATE,887
887,ERIC BARRETO,QUEBEC,QUEBEC,SMALL BUSINESS,888
888,TROY STAEBEL,QUEBEC,QUEBEC,SMALL BUSINESS,889
889,TRACY PODDAR,QUEBEC,QUEBEC,CORPORATE,890
890,BOBBY TRAFTON,QUEBEC,QUEBEC,CORPORATE,891
891,TONY MOLINARI,QUEBEC,QUEBEC,CORPORATE,892
892,RICK DUSTON,QUEBEC,QUEBEC,CORPORATE,893
893,BRENDAN MURRY,QUEBEC,QUEBEC,CORPORATE,894
894,CHRISTY BRITTAIN,QUEBEC,QUEBEC,CONSUMER,895
895,CRAIG YEDWAB,QUEBEC,QUEBEC,CONSUMER,896
896,BOBBY TRAFTON,QUEBEC,QUEBEC,SMALL BUSINESS,897
897,KATRINA WILLMAN,QUEBEC,QUEBEC,CONSUMER,898
898,GIULIETTA DORTCH,QUEBEC,QUEBEC,CONSUMER,899
899,PETER MCVEE,QUEBEC,QUEBEC,SMALL BUSINESS,900
900,COREY LOCK,QUEBEC,QUEBEC,HOME OFFICE,901
901,BRADLEY DRUCKER,QUEBEC,QUEBEC,SMALL BUSINESS,902
902,DARRIN SAYRE,QUEBEC,QUEBEC,CONSUMER,903
903,DEANRA ENO,QUEBEC,QUEBEC,CORPORATE,904
904,BRAD THOMAS,QUEBEC,QUEBEC,CORPORATE,905
905,MARK PACKER,QUEBEC,QUEBEC,SMALL BUSINESS,906
906,ELENI MCCRARY,QUEBEC,QUEBEC,CORPORATE,907
907,BART FOLK,QUEBEC,QUEBEC,CORPORATE,908
908,DEAN PERCER,QUEBEC,QUEBEC,CONSUMER,909
909,SYLVIA FOULSTON,QUEBEC,QUEBEC,HOME OFFICE,910
910,SARA LUXEMBURG,QUEBEC,QUEBEC,SMALL BUSINESS,911
911,KEITH HERRERA,QUEBEC,QUEBEC,CORPORATE,912
912,KEITH HERRERA,QUEBEC,QUEBEC,SMALL BUSINESS,913
913,CYNTHIA VOLTZ,QUEBEC,QUEBEC,CORPORATE,914
914,MICHAEL OAKMAN,QUEBEC,QUEBEC,SMALL BUSINESS,915
915,DAVID KENDRICK,QUEBEC,QUEBEC,HOME OFFICE,916
916,NICOLE BRENNAN,QUEBEC,QUEBEC,HOME OFFICE,917
917,BRIAN STUGART,QUEBEC,QUEBEC,CONSUMER,918
918,KAREN FERGUSON,QUEBEC,QUEBEC,HOME OFFICE,919
919,MARK HABERLIN,QUEBEC,QUEBEC,SMALL BUSINESS,920
920,GIULIETTA DORTCH,QUEBEC,QUEBEC,CORPORATE,921
921,DEBORAH BRUMFIELD,QUEBEC,QUEBEC,SMALL BUSINESS,922
922,MAUREEN GASTINEAU,QUEBEC,QUEBEC,CONSUMER,923
923,JULIA BARNETT,QUEBEC,QUEBEC,CORPORATE,924
924,ANNE PRYOR,QUEBEC,QUEBEC,CONSUMER,925
925,JUSTIN HIRSH,QUEBEC,QUEBEC,CONSUMER,926
926,DORRIS LOVE,QUEBEC,QUEBEC,HOME OFFICE,927
927,BILL EPLETT,QUEBEC,QUEBEC,CORPORATE,928
928,CAROLINE JUMPER,QUEBEC,QUEBEC,CORPORATE,929
929,PAMELA STOBB,QUEBEC,QUEBEC,CONSUMER,930
930,AARON SMAYLING,QUEBEC,QUEBEC,SMALL BUSINESS,931
931,JASPER CACIOPPO,QUEBEC,QUEBEC,HOME OFFICE,932
932,ALAN HAINES,QUEBEC,QUEBEC,CONSUMER,933
933,LOGAN HAUSHALTER,QUEBEC,QUEBEC,CORPORATE,934
934,LENA CACIOPPO,QUEBEC,QUEBEC,HOME OFFICE,935
935,DEIRDRE GREER,QUEBEC,QUEBEC,HOME OFFICE,936
936,JOHN STEVENSON,QUEBEC,QUEBEC,SMALL BUSINESS,937
937,SHERI GORDON,QUEBEC,QUEBEC,CORPORATE,938
938,BEN WALLACE,QUEBEC,QUEBEC,HOME OFFICE,939
939,MAX ENGLE,QUEBEC,QUEBEC,CORPORATE,940
940,FRED CHUNG,QUEBEC,QUEBEC,CORPORATE,941
941,DENNIS KANE,QUEBEC,QUEBEC,SMALL BUSINESS,942
942,PHILLIP FLATHMANN,QUEBEC,QUEBEC,SMALL BUSINESS,943
943,MATHEW REESE,QUEBEC,QUEBEC,SMALL BUSINESS,944
944,STUART VAN,QUEBEC,QUEBEC,CONSUMER,945
945,BRENDA BOWMAN,QUEBEC,QUEBEC,SMALL BUSINESS,946
946,DANIEL LACY,QUEBEC,QUEBEC,SMALL BUSINESS,947
947,JENNIFER FERGUSON,QUEBEC,QUEBEC,CORPORATE,948
948,THERESA SWINT,QUEBEC,QUEBEC,CONSUMER,949
949,ALAN HAINES,QUEBEC,QUEBEC,HOME OFFICE,950
950,KATHERINE NOCKTON,QUEBEC,QUEBEC,HOME OFFICE,951
951,STEWART VISINSKY,QUEBEC,QUEBEC,CORPORATE,952
952,JEREMY FARRY,QUEBEC,QUEBEC,SMALL BUSINESS,953
953,CLAY LUDTKE,QUEBEC,QUEBEC,CONSUMER,954
954,LAUREL ELLISTON,QUEBEC,QUEBEC,CORPORATE,955
955,KATHERINE NOCKTON,QUEBEC,QUEBEC,CORPORATE,956
956,THERESA SWINT,QUEBEC,QUEBEC,SMALL BUSINESS,957
957,JEREMY LONSDALE,QUEBEC,QUEBEC,CORPORATE,958
958,MITCH WEBBER,QUEBEC,QUEBEC,CORPORATE,959
959,SHIRLEY SCHMIDT,QUEBEC,QUEBEC,CORPORATE,960
960,CAROL TRIGGS,QUEBEC,QUEBEC,HOME OFFICE,961
961,JUSTIN MACKENDRICK,QUEBEC,QUEBEC,CORPORATE,962
962,JENNIFER FERGUSON,QUEBEC,QUEBEC,HOME OFFICE,963
963,SARAH BROWN,QUEBEC,QUEBEC,CONSUMER,964
964,ANNE PRYOR,QUEBEC,QUEBEC,HOME OFFICE,965
965,TONY SAYRE,QUEBEC,QUEBEC,SMALL BUSINESS,966
966,KAREN FERGUSON,QUEBEC,QUEBEC,CORPORATE,967
967,DIONIS LLOYD,QUEBEC,QUEBEC,SMALL BUSINESS,968
968,CAROL TRIGGS,QUEBEC,QUEBEC,CORPORATE,969
969,LINDSAY CASTELL,QUEBEC,QUEBEC,SMALL BUSINESS,970
970,MICHAEL CHEN,QUEBEC,QUEBEC,CONSUMER,971
971,TONY SAYRE,QUEBEC,QUEBEC,HOME OFFICE,972
972,THERESA SWINT,QUEBEC,QUEBEC,HOME OFFICE,973
973,DORRIS LOVE,QUEBEC,QUEBEC,CORPORATE,974
974,LAUREL ELLISTON,QUEBEC,QUEBEC,HOME OFFICE,975
975,TOBY CARLISLE,QUEBEC,QUEBEC,HOME OFFICE,976
976,TED BUTTERFIELD,QUEBEC,QUEBEC,CORPORATE,977
977,NORA PRICE,QUEBEC,QUEBEC,HOME OFFICE,978
978,LIZ WILLINGHAM,QUEBEC,QUEBEC,CORPORATE,979
979,LINDSAY CASTELL,QUEBEC,QUEBEC,CORPORATE,980
980,ANNE PRYOR,QUEBEC,QUEBEC,CORPORATE,981
981,NORA PRICE,QUEBEC,QUEBEC,SMALL BUSINESS,982
982,MUHAMMED YEDWAB,QUEBEC,QUEBEC,CONSUMER,983
983,BRENDA BOWMAN,QUEBEC,QUEBEC,HOME OFFICE,984
984,KIMBERLY CARTER,QUEBEC,QUEBEC,SMALL BUSINESS,985
985,BRIAN THOMPSON,QUEBEC,QUEBEC,HOME OFFICE,986
986,KIMBERLY CARTER,QUEBEC,QUEBEC,HOME OFFICE,987
987,SHIRLEY DANIELS,QUEBEC,QUEBEC,CORPORATE,988
988,ARTHUR GAINER,QUEBEC,QUEBEC,CORPORATE,989
989,TRACY PODDAR,ONTARIO,ONTARIO,CORPORATE,990
990,STUART CALHOUN,ONTARIO,ONTARIO,CONSUMER,991
991,ARTHUR PRICHEP,ONTARIO,ONTARIO,HOME OFFICE,992
992,KEAN NGUYEN,ONTARIO,ONTARIO,CORPORATE,993
993,JIM KRIZ,ONTARIO,ONTARIO,CONSUMER,994
994,HAROLD RYAN,ONTARIO,ONTARIO,HOME OFFICE,995
995,JOHN LUCAS,ONTARIO,ONTARIO,CORPORATE,996
996,ALEJANDRO GROVE,ONTARIO,ONTARIO,CORPORATE,997
997,SAM ZELDIN,ONTARIO,ONTARIO,SMALL BUSINESS,998
998,SALLY HUGHSBY,ONTARIO,ONTARIO,CONSUMER,999
999,JANE WACO,ONTARIO,ONTARIO,CORPORATE,1000
1000,SANDRA FLANAGAN,ONTARIO,ONTARIO,HOME OFFICE,1001
1001,STEVE NGUYEN,ONTARIO,ONTARIO,CONSUMER,1002
1002,HERBERT FLENTYE,ONTARIO,ONTARIO,SMALL BUSINESS,1003
1003,SANDRA FLANAGAN,ONTARIO,ONTARIO,CORPORATE,1004
1004,LIZ WILLINGHAM,ONTARIO,ONTARIO,HOME OFFICE,1005
1005,XYLONA PRICE,ONTARIO,ONTARIO,CORPORATE,1006
1006,JOHN LUCAS,ONTARIO,ONTARIO,SMALL BUSINESS,1007
1007,BILL OVERFELT,ONTARIO,ONTARIO,CORPORATE,1008
1008,JOHN GRADY,ONTARIO,ONTARIO,CORPORATE,1009
1009,ROBERT MARLEY,ONTARIO,ONTARIO,CORPORATE,1010
1010,MICK HERNANDEZ,ONTARIO,ONTARIO,HOME OFFICE,1011
1011,GUY PHONELY,ONTARIO,ONTARIO,CORPORATE,1012
1012,JAY KIMMEL,ONTARIO,ONTARIO,SMALL BUSINESS,1013
1013,MATT CONNELL,ONTARIO,ONTARIO,CORPORATE,1014
1014,STEVE NGUYEN,ONTARIO,ONTARIO,SMALL BUSINESS,1015
1015,VIVEK GRADY,ONTARIO,ONTARIO,HOME OFFICE,1016
1016,BEN FERRER,ONTARIO,ONTARIO,CORPORATE,1017
1017,KAREN DANIELS,ONTARIO,ONTARIO,CONSUMER,1018
1018,PAMELA COAKLEY,ONTARIO,ONTARIO,CORPORATE,1019
1019,KATHERINE NOCKTON,ONTARIO,ONTARIO,HOME OFFICE,1020
1020,DENNY BLANTON,ONTARIO,ONTARIO,HOME OFFICE,1021
1021,KATHERINE NOCKTON,ONTARIO,ONTARIO,CORPORATE,1022
1022,KEAN NGUYEN,ONTARIO,ONTARIO,SMALL BUSINESS,1023
1023,LAURA ARMSTRONG,ONTARIO,ONTARIO,SMALL BUSINESS,1024
1024,VIVEK GRADY,ONTARIO,ONTARIO,CORPORATE,1025
1025,LINDSAY SHAGIARI,ONTARIO,ONTARIO,HOME OFFICE,1026
1026,CATHY PRESCOTT,ONTARIO,ONTARIO,CORPORATE,1027
1027,LIZ WILLINGHAM,ONTARIO,ONTARIO,CORPORATE,1028
1028,STEPHANIE ULPRIGHT,ONTARIO,ONTARIO,CONSUMER,1029
1029,ODELLA NELSON,ONTARIO,ONTARIO,SMALL BUSINESS,1030
1030,SALLY HUGHSBY,ONTARIO,ONTARIO,HOME OFFICE,1031
1031,ARTHUR PRICHEP,ONTARIO,ONTARIO,SMALL BUSINESS,1032
1032,RYAN AKIN,ONTARIO,ONTARIO,CONSUMER,1033
1033,SCOTT COHEN,ONTARIO,ONTARIO,CONSUMER,1034
1034,TODD SUMRALL,ONTARIO,ONTARIO,CONSUMER,1035
1035,ALEJANDRO GROVE,ONTARIO,ONTARIO,CONSUMER,1036
1036,TONY CHAPMAN,ONTARIO,ONTARIO,CONSUMER,1037
1037,JOHN CASTELL,ONTARIO,ONTARIO,SMALL BUSINESS,1038
1038,SARAH FOSTER,ONTARIO,ONTARIO,CORPORATE,1039
1039,LAURA ARMSTRONG,ONTARIO,ONTARIO,CORPORATE,1040
1040,JOHN CASTELL,ONTARIO,ONTARIO,CONSUMER,1041
1041,GREG HANSEN,ONTARIO,ONTARIO,HOME OFFICE,1042
1042,DARRIN MARTIN,ONTARIO,ONTARIO,SMALL BUSINESS,1043
1043,KEN BRENNAN,ONTARIO,ONTARIO,CONSUMER,1044
1044,MAX JONES,ONTARIO,ONTARIO,HOME OFFICE,1045
1045,KEN BRENNAN,ONTARIO,ONTARIO,HOME OFFICE,1046
1046,JOE KAMBEROVA,ONTARIO,ONTARIO,SMALL BUSINESS,1047
1047,BARRY FRANZ,ONTARIO,ONTARIO,CORPORATE,1048
1048,FILIA MCADAMS,ONTARIO,ONTARIO,SMALL BUSINESS,1049
1049,MAUREEN FRITZLER,ONTARIO,ONTARIO,CORPORATE,1050
1050,DENNIS BOLTON,ONTARIO,ONTARIO,SMALL BUSINESS,1051
1051,ART FOSTER,ONTARIO,ONTARIO,HOME OFFICE,1052
1052,ERICA HACKNEY,ONTARIO,ONTARIO,SMALL BUSINESS,1053
1053,DON WEISS,ONTARIO,ONTARIO,CORPORATE,1054
1054,JESSICA MYRICK,ONTARIO,ONTARIO,SMALL BUSINESS,1055
1055,BRUCE DEGENHARDT,ONTARIO,ONTARIO,HOME OFFICE,1056
1056,JENNA CAFFEY,ONTARIO,ONTARIO,CONSUMER,1057
1057,KALYCA MEADE,ONTARIO,ONTARIO,CORPORATE,1058
1058,TROY BLACKWELL,ONTARIO,ONTARIO,HOME OFFICE,1059
1059,CLYTIE KELTY,ONTARIO,ONTARIO,SMALL BUSINESS,1060
1060,MARK COUSINS,ONTARIO,ONTARIO,HOME OFFICE,1061
1061,JIM SINK,ONTARIO,ONTARIO,CORPORATE,1062
1062,STEVEN ROELLE,ONTARIO,ONTARIO,SMALL BUSINESS,1063
1063,FRED WASSERMAN,ONTARIO,ONTARIO,HOME OFFICE,1064
1064,BETH THOMPSON,ONTARIO,ONTARIO,CORPORATE,1065
1065,PETE TAKAHITO,ONTARIO,ONTARIO,CORPORATE,1066
1066,ROB HABERLIN,ONTARIO,ONTARIO,CONSUMER,1067
1067,ROB HABERLIN,ONTARIO,ONTARIO,CORPORATE,1068
1068,HALLIE REDMOND,ONTARIO,ONTARIO,HOME OFFICE,1069
1069,KATRINA WILLMAN,ONTARIO,ONTARIO,CONSUMER,1070
1070,BENJAMIN PATTERSON,ONTARIO,ONTARIO,CORPORATE,1071
1071,MARK COUSINS,ONTARIO,ONTARIO,CORPORATE,1072
1072,GENE MCCLURE,ONTARIO,ONTARIO,CONSUMER,1073
1073,DENNY JOY,ONTARIO,ONTARIO,CORPORATE,1074
1074,HALLIE REDMOND,ONTARIO,ONTARIO,SMALL BUSINESS,1075
1075,AMY COX,ONTARIO,ONTARIO,HOME OFFICE,1076
1076,KRISTEN HASTINGS,ONTARIO,ONTARIO,SMALL BUSINESS,1077
1077,KRISTEN HASTINGS,ONTARIO,ONTARIO,CORPORATE,1078
1078,BENJAMIN VENIER,ONTARIO,ONTARIO,SMALL BUSINESS,1079
1079,KATHERINE MURRAY,ONTARIO,ONTARIO,HOME OFFICE,1080
1080,ALAN SCHOENBERGER,ONTARIO,ONTARIO,CORPORATE,1081
1081,MARK PACKER,ONTARIO,ONTARIO,SMALL BUSINESS,1082
1082,ERIC BARRETO,ONTARIO,ONTARIO,SMALL BUSINESS,1083
1083,KARL BROWN,ONTARIO,ONTARIO,CORPORATE,1084
1084,KARL BROWN,ONTARIO,ONTARIO,HOME OFFICE,1085
1085,BEN PETERMAN,ONTARIO,ONTARIO,CORPORATE,1086
1086,DAVE POIRIER,ONTARIO,ONTARIO,SMALL BUSINESS,1087
1087,AARON HAWKINS,ONTARIO,ONTARIO,HOME OFFICE,1088
1088,RICK DUSTON,ONTARIO,ONTARIO,CORPORATE,1089
1089,ALEX GRAYSON,ONTARIO,ONTARIO,CONSUMER,1090
1090,DIANNA WILSON,ONTARIO,ONTARIO,SMALL BUSINESS,1091
1091,ERICA HERNANDEZ,ONTARIO,ONTARIO,SMALL BUSINESS,1092
1092,CHRISTY BRITTAIN,ONTARIO,ONTARIO,CONSUMER,1093
1093,DAVID KENDRICK,ONTARIO,ONTARIO,HOME OFFICE,1094
1094,PAUL LUCAS,ONTARIO,ONTARIO,CORPORATE,1095
1095,RAYMOND FAIR,ONTARIO,ONTARIO,SMALL BUSINESS,1096
1096,DEBRA CATINI,ONTARIO,ONTARIO,SMALL BUSINESS,1097
1097,FRED MCMATH,ONTARIO,ONTARIO,SMALL BUSINESS,1098
1098,ASTREA JONES,ONTARIO,ONTARIO,CORPORATE,1099
1099,TROY STAEBEL,ONTARIO,ONTARIO,SMALL BUSINESS,1100
1100,ALEJANDRO SAVELY,ONTARIO,ONTARIO,CORPORATE,1101
1101,CHRIS CORTES,ONTARIO,ONTARIO,CONSUMER,1102
1102,CRAIG YEDWAB,ONTARIO,ONTARIO,CONSUMER,1103
1103,ALAN SHONELY,ONTARIO,ONTARIO,SMALL BUSINESS,1104
1104,BECKY MARTIN,ONTARIO,ONTARIO,HOME OFFICE,1105
1105,TONY MOLINARI,ONTARIO,ONTARIO,CORPORATE,1106
1106,STEFANIA PERRINO,ONTARIO,ONTARIO,CORPORATE,1107
1107,HUNTER LOPEZ,ONTARIO,ONTARIO,CONSUMER,1108
1108,DIANNA ARNETT,ONTARIO,ONTARIO,HOME OFFICE,1109
1109,GIULIETTA DORTCH,ONTARIO,ONTARIO,CORPORATE,1110
1110,MICHAEL KENNEDY,ONTARIO,ONTARIO,CORPORATE,1111
1111,ELENI MCCRARY,ONTARIO,ONTARIO,HOME OFFICE,1112
1112,ELENI MCCRARY,ONTARIO,ONTARIO,CORPORATE,1113
1113,GEORGE ZREBASSA,ONTARIO,ONTARIO,HOME OFFICE,1114
1114,DEANRA ENO,ONTARIO,ONTARIO,CORPORATE,1115
1115,SARA LUXEMBURG,ONTARIO,ONTARIO,SMALL BUSINESS,1116
1116,PIERRE WENER,ONTARIO,ONTARIO,HOME OFFICE,1117
1117,ERIC BARRETO,ONTARIO,ONTARIO,CONSUMER,1118
1118,DAN CAMPBELL,ONTARIO,ONTARIO,SMALL BUSINESS,1119
1119,PAUL KNUTSON,ONTARIO,ONTARIO,CORPORATE,1120
1120,JENNIFER PATT,ONTARIO,ONTARIO,HOME OFFICE,1121
1121,CHUCK SACHS,ONTARIO,ONTARIO,CONSUMER,1122
1122,DENISE LEINENBACH,ONTARIO,ONTARIO,HOME OFFICE,1123
1123,CATHY HWANG,ONTARIO,ONTARIO,HOME OFFICE,1124
1124,EVAN HENRY,ONTARIO,ONTARIO,CORPORATE,1125
1125,CARLOS MEADOR,ONTARIO,ONTARIO,CORPORATE,1126
1126,BOBBY ELIAS,ONTARIO,ONTARIO,SMALL BUSINESS,1127
1127,KEAN THORNTON,ONTARIO,ONTARIO,CORPORATE,1128
1128,BRIAN STUGART,ONTARIO,ONTARIO,CORPORATE,1129
1129,GRANT DONATELLI,ONTARIO,ONTARIO,CONSUMER,1130
1130,JASON FORTUNE,ONTARIO,ONTARIO,CORPORATE,1131
1131,DAVE BROOKS,ONTARIO,ONTARIO,CORPORATE,1132
1132,JIM KARLSSON,ONTARIO,ONTARIO,SMALL BUSINESS,1133
1133,PHILIP FOX,ONTARIO,ONTARIO,HOME OFFICE,1134
1134,GRANT CARROLL,ONTARIO,ONTARIO,CORPORATE,1135
1135,GRANT CARROLL,ONTARIO,ONTARIO,SMALL BUSINESS,1136
1136,IONIA MCGRATH,NEW BRUNSWICK,ATLANTIC,HOME OFFICE,1137
1137,LORI OLSON,NEW BRUNSWICK,ATLANTIC,CONSUMER,1138
1138,QUINCY JONES,NEW BRUNSWICK,ATLANTIC,HOME OFFICE,1139
1139,PATRICK JONES,NEW BRUNSWICK,ATLANTIC,HOME OFFICE,1140
1140,IONIA MCGRATH,NEW BRUNSWICK,ATLANTIC,SMALL BUSINESS,1141
1141,NATHAN MAUTZ,NEW BRUNSWICK,ATLANTIC,CORPORATE,1142
1142,NATHAN MAUTZ,NEW BRUNSWICK,ATLANTIC,HOME OFFICE,1143
1143,KAREN SEIO,NEW BRUNSWICK,ATLANTIC,CONSUMER,1144
1144,KEN LONSDALE,NEW BRUNSWICK,ATLANTIC,CONSUMER,1145
1145,PATRICK GARDNER,NEW BRUNSWICK,ATLANTIC,CONSUMER,1146
1146,QUINCY JONES,NEW BRUNSWICK,ATLANTIC,CORPORATE,1147
1147,NONA BALK,NEW BRUNSWICK,ATLANTIC,CORPORATE,1148
1148,ERIN MULL,NEW BRUNSWICK,ATLANTIC,SMALL BUSINESS,1149
1149,JOHN LEE,NEW BRUNSWICK,ATLANTIC,CORPORATE,1150
1150,EMILY PHAN,NEW BRUNSWICK,ATLANTIC,CONSUMER,1151
1151,ERIN MULL,NEW BRUNSWICK,ATLANTIC,CORPORATE,1152
1152,JUSTIN DEGGELLER,NEW BRUNSWICK,ATLANTIC,CORPORATE,1153
1153,TONY SAYRE,NEW BRUNSWICK,ATLANTIC,HOME OFFICE,1154
1154,KEITH DAWKINS,MANITOBA,PRARIE,HOME OFFICE,1155
1155,JOE ELIJAH,MANITOBA,PRARIE,HOME OFFICE,1156
1156,SHERI GORDON,MANITOBA,PRARIE,CORPORATE,1157
1157,STEFANIE HOLLOMAN,MANITOBA,PRARIE,SMALL BUSINESS,1158
1158,KEN BLACK,MANITOBA,PRARIE,CONSUMER,1159
1159,LINDSAY WILLIAMS,MANITOBA,PRARIE,CORPORATE,1160
1160,LOGAN CURRIE,MANITOBA,PRARIE,SMALL BUSINESS,1161
1161,STEVE CHAPMAN,MANITOBA,PRARIE,CORPORATE,1162
1162,MARC CRIER,MANITOBA,PRARIE,CORPORATE,1163
1163,DAVE BROOKS,MANITOBA,PRARIE,CORPORATE,1164
1164,DEBORAH BRUMFIELD,MANITOBA,PRARIE,CORPORATE,1165
1165,SCOT WOOTEN,MANITOBA,PRARIE,CORPORATE,1166
1166,NICOLE BRENNAN,MANITOBA,PRARIE,CONSUMER,1167
1167,JOHN LEE,MANITOBA,PRARIE,CORPORATE,1168
1168,DENISE MONTON,MANITOBA,PRARIE,HOME OFFICE,1169
1169,DEBORAH BRUMFIELD,MANITOBA,PRARIE,SMALL BUSINESS,1170
1170,MARC CRIER,MANITOBA,PRARIE,CONSUMER,1171
1171,CYNTHIA DELANEY,MANITOBA,PRARIE,CORPORATE,1172
1172,ED BRAXTON,MANITOBA,PRARIE,HOME OFFICE,1173
1173,ED BRAXTON,MANITOBA,PRARIE,CONSUMER,1174
1174,PHILLIP FLATHMANN,MANITOBA,PRARIE,SMALL BUSINESS,1175
1175,COREY CATLETT,MANITOBA,PRARIE,HOME OFFICE,1176
1176,VALERIE TAKAHITO,MANITOBA,PRARIE,CONSUMER,1177
1177,PENELOPE SEWALL,MANITOBA,PRARIE,HOME OFFICE,1178
1178,SEAN BRAXTON,MANITOBA,PRARIE,SMALL BUSINESS,1179
1179,VALERIE DOMINGUEZ,MANITOBA,PRARIE,CORPORATE,1180
1180,SUSAN MACKENDRICK,MANITOBA,PRARIE,CORPORATE,1181
1181,THAIS SISSMAN,MANITOBA,PRARIE,CORPORATE,1182
1182,TANJA NORVELL,MANITOBA,PRARIE,CONSUMER,1183
1183,LINDA SOUTHWORTH,MANITOBA,PRARIE,CONSUMER,1184
1184,MICHAEL MOORE,MANITOBA,PRARIE,CORPORATE,1185
1185,PATRICK RYAN,MANITOBA,PRARIE,CORPORATE,1186
1186,TROY BLACKWELL,MANITOBA,PRARIE,HOME OFFICE,1187
1187,THAIS SISSMAN,MANITOBA,PRARIE,SMALL BUSINESS,1188
1188,ROSS BAIRD,MANITOBA,PRARIE,CORPORATE,1189
1189,TRACY ZIC,MANITOBA,PRARIE,CONSUMER,1190
1190,JACK GARZA,MANITOBA,PRARIE,CORPORATE,1191
1191,GARY MCGARR,MANITOBA,PRARIE,HOME OFFICE,1192
1192,MICK CREBAGGA,MANITOBA,PRARIE,HOME OFFICE,1193
1193,ROY SKARIA,MANITOBA,PRARIE,CORPORATE,1194
1194,STEVEN WARD,MANITOBA,PRARIE,CONSUMER,1195
1195,TANJA NORVELL,MANITOBA,PRARIE,CORPORATE,1196
1196,RYAN CROWE,MANITOBA,PRARIE,SMALL BUSINESS,1197
1197,IRENE MADDOX,MANITOBA,PRARIE,CONSUMER,1198
1198,NICK RADFORD,MANITOBA,PRARIE,CORPORATE,1199
1199,THERESA SWINT,MANITOBA,PRARIE,CONSUMER,1200
1200,MAURICE SATTY,MANITOBA,PRARIE,CORPORATE,1201
1201,HENRY GOLDWYN,MANITOBA,PRARIE,SMALL BUSINESS,1202
1202,VICTOR PRICE,MANITOBA,PRARIE,CONSUMER,1203
1203,MAUREEN GRACE,MANITOBA,PRARIE,CORPORATE,1204
1204,ERIC HOFFMANN,MANITOBA,PRARIE,SMALL BUSINESS,1205
1205,JILL STEVENSON,MANITOBA,PRARIE,CONSUMER,1206
1206,EVAN BAILLIET,MANITOBA,PRARIE,CORPORATE,1207
1207,MEG TILLMAN,MANITOBA,PRARIE,SMALL BUSINESS,1208
1208,RUSSELL D'ASCENZO,MANITOBA,PRARIE,CONSUMER,1209
1209,GARY HWANG,MANITOBA,PRARIE,HOME OFFICE,1210
1210,JOSEPH AIRDO,MANITOBA,PRARIE,CONSUMER,1211
1211,EMILY DUCICH,MANITOBA,PRARIE,CONSUMER,1212
1212,STEWART VISINSKY,MANITOBA,PRARIE,CORPORATE,1213
1213,STEVEN CARTWRIGHT,MANITOBA,PRARIE,HOME OFFICE,1214
1214,SUE ANN REED,MANITOBA,PRARIE,CONSUMER,1215
1215,SANJIT ENGLE,MANITOBA,PRARIE,HOME OFFICE,1216
1216,KATHERINE DUCICH,MANITOBA,PRARIE,CORPORATE,1217
1217,MIKE GOCKENBACH,MANITOBA,PRARIE,CONSUMER,1218
1218,TOM ZANDUSKY,MANITOBA,PRARIE,HOME OFFICE,1219
1219,DENNY JOY,MANITOBA,PRARIE,CORPORATE,1220
1220,HENIA ZYDLO,MANITOBA,PRARIE,HOME OFFICE,1221
1221,TRACY COLLINS,MANITOBA,PRARIE,CONSUMER,1222
1222,NATALIE WEBBER,MANITOBA,PRARIE,CONSUMER,1223
1223,TOBY KNIGHT,MANITOBA,PRARIE,CONSUMER,1224
1224,MARIA ZETTNER,MANITOBA,PRARIE,CORPORATE,1225
1225,THEA HUDGINGS,MANITOBA,PRARIE,CONSUMER,1226
1226,NATALIE WEBBER,MANITOBA,PRARIE,CORPORATE,1227
1227,NORA PELLETIER,MANITOBA,PRARIE,CORPORATE,1228
1228,MATTHEW CLASEN,MANITOBA,PRARIE,CONSUMER,1229
1229,NORA PELLETIER,MANITOBA,PRARIE,HOME OFFICE,1230
1230,MICK CREBAGGA,MANITOBA,PRARIE,CORPORATE,1231
1231,JAMIE FRAZER,MANITOBA,PRARIE,SMALL BUSINESS,1232
1232,MICHAEL OAKMAN,MANITOBA,PRARIE,SMALL BUSINESS,1233
1233,JOSEPH AIRDO,MANITOBA,PRARIE,CORPORATE,1234
1234,TRACY COLLINS,MANITOBA,PRARIE,CORPORATE,1235
1235,RACHEL PAYNE,MANITOBA,PRARIE,CONSUMER,1236
1236,CRAIG MOLINARI,MANITOBA,PRARIE,SMALL BUSINESS,1237
1237,JOY DANIELS,MANITOBA,PRARIE,CORPORATE,1238
1238,JILL FJELD,MANITOBA,PRARIE,HOME OFFICE,1239
1239,GENE MCCLURE,MANITOBA,PRARIE,CONSUMER,1240
1240,RICK BENSLEY,MANITOBA,PRARIE,CONSUMER,1241
1241,THOMAS BRUMLEY,MANITOBA,PRARIE,CONSUMER,1242
1242,DARRIN MARTIN,MANITOBA,PRARIE,SMALL BUSINESS,1243
1243,JULIE KRIZ,MANITOBA,PRARIE,CORPORATE,1244
1244,RUSSELL APPLEGATE,MANITOBA,PRARIE,SMALL BUSINESS,1245
1245,ERIC BARRETO,MANITOBA,PRARIE,SMALL BUSINESS,1246
1246,GENE MCCLURE,MANITOBA,PRARIE,HOME OFFICE,1247
1247,TOBY KNIGHT,MANITOBA,PRARIE,CORPORATE,1248
1248,MARIBETH SCHNELLING,MANITOBA,PRARIE,CORPORATE,1249
1249,ARTHUR GAINER,MANITOBA,PRARIE,CONSUMER,1250
1250,THERESA SWINT,MANITOBA,PRARIE,SMALL BUSINESS,1251
1251,HARRY MARIE,MANITOBA,PRARIE,CONSUMER,1252
1252,RACHEL PAYNE,MANITOBA,PRARIE,HOME OFFICE,1253
1253,ELPIDA RITTENBACH,MANITOBA,PRARIE,CONSUMER,1254
1254,RUSSELL APPLEGATE,MANITOBA,PRARIE,HOME OFFICE,1255
1255,ROLAND MURRAY,MANITOBA,PRARIE,HOME OFFICE,1256
1256,ARTHUR GAINER,MANITOBA,PRARIE,CORPORATE,1257
1257,PETER FULLER,SASKACHEWAN,PRARIE,CONSUMER,1258
1258,SAM CRAVEN,SASKACHEWAN,PRARIE,HOME OFFICE,1259
1259,MITCH WILLINGHAM,SASKACHEWAN,PRARIE,CORPORATE,1260
1260,JOHN DRYER,SASKACHEWAN,PRARIE,CORPORATE,1261
1261,SUSAN GILCREST,SASKACHEWAN,PRARIE,HOME OFFICE,1262
1262,KEN HEIDEL,SASKACHEWAN,PRARIE,CORPORATE,1263
1263,PATRICK RYAN,SASKACHEWAN,PRARIE,CORPORATE,1264
1264,RANDY BRADLEY,SASKACHEWAN,PRARIE,SMALL BUSINESS,1265
1265,WILLIAM BROWN,SASKACHEWAN,PRARIE,CORPORATE,1266
1266,RICK HANSEN,SASKACHEWAN,PRARIE,CORPORATE,1267
1267,TOBY GRACE,SASKACHEWAN,PRARIE,HOME OFFICE,1268
1268,JOSEPH HOLT,SASKACHEWAN,PRARIE,HOME OFFICE,1269
1269,MAYA HERMAN,SASKACHEWAN,PRARIE,CORPORATE,1270
1270,RICK HANSEN,SASKACHEWAN,PRARIE,HOME OFFICE,1271
1271,ASHLEY JARBOE,SASKACHEWAN,PRARIE,SMALL BUSINESS,1272
1272,RANDY BRADLEY,SASKACHEWAN,PRARIE,CORPORATE,1273
1273,WILLIAM BROWN,SASKACHEWAN,PRARIE,HOME OFFICE,1274
1274,ASHLEY JARBOE,SASKACHEWAN,PRARIE,HOME OFFICE,1275
1275,PAULINE WEBBER,SASKACHEWAN,PRARIE,CONSUMER,1276
1276,MATT COLLISTER,SASKACHEWAN,PRARIE,HOME OFFICE,1277
1277,KEAN TAKAHITO,SASKACHEWAN,PRARIE,HOME OFFICE,1278
1278,JULIA DUNBAR,SASKACHEWAN,PRARIE,CONSUMER,1279
1279,NICK ZANDUSKY,SASKACHEWAN,PRARIE,SMALL BUSINESS,1280
1280,PETER FULLER,SASKACHEWAN,PRARIE,CORPORATE,1281
1281,NEOMA MURRAY,SASKACHEWAN,PRARIE,SMALL BUSINESS,1282
1282,SUNG CHUNG,SASKACHEWAN,PRARIE,HOME OFFICE,1283
1283,DARRIN VAN HUFF,SASKACHEWAN,PRARIE,HOME OFFICE,1284
1284,BRIAN MOSS,SASKACHEWAN,PRARIE,CORPORATE,1285
1285,MAX LUDWIG,SASKACHEWAN,PRARIE,CORPORATE,1286
1286,MICHELLE MORAY,SASKACHEWAN,PRARIE,CORPORATE,1287
1287,EVA JACOBS,SASKACHEWAN,PRARIE,HOME OFFICE,1288
1288,CRAIG RIDER,SASKACHEWAN,PRARIE,SMALL BUSINESS,1289
1289,MARIBETH YEDWAB,SASKACHEWAN,PRARIE,HOME OFFICE,1290
1290,CINDY SCHNELLING,SASKACHEWAN,PRARIE,CORPORATE,1291
1291,EUGENE MOREN,SASKACHEWAN,PRARIE,HOME OFFICE,1292
1292,LIZ PRICE,SASKACHEWAN,PRARIE,CORPORATE,1293
1293,LIZ PRICE,SASKACHEWAN,PRARIE,CONSUMER,1294
1294,MARK VAN HUFF,SASKACHEWAN,PRARIE,HOME OFFICE,1295
1295,STEFANIA PERRINO,SASKACHEWAN,PRARIE,CORPORATE,1296
1296,MARK HAMILTON,SASKACHEWAN,PRARIE,HOME OFFICE,1297
1297,CHUCK MAGEE,SASKACHEWAN,PRARIE,CORPORATE,1298
1298,SUNG SHARIARI,SASKACHEWAN,PRARIE,CORPORATE,1299
1299,NONA BALK,SASKACHEWAN,PRARIE,CORPORATE,1300
1300,TOM STIVERS,SASKACHEWAN,PRARIE,SMALL BUSINESS,1301
1301,RICHARD EICHHORN,SASKACHEWAN,PRARIE,CONSUMER,1302
1302,NEIL FRENCH,SASKACHEWAN,PRARIE,CONSUMER,1303
1303,NEIL FRENCH,SASKACHEWAN,PRARIE,CORPORATE,1304
1304,NICOLE FJELD,SASKACHEWAN,PRARIE,SMALL BUSINESS,1305
1305,SUZANNE MCNAIR,SASKACHEWAN,PRARIE,SMALL BUSINESS,1306
1306,ANDY REITER,SASKACHEWAN,PRARIE,CORPORATE,1307
1307,SUZANNE MCNAIR,SASKACHEWAN,PRARIE,CORPORATE,1308
1308,SUSAN PISTEK,SASKACHEWAN,PRARIE,HOME OFFICE,1309
1309,NICK CREBASSA,SASKACHEWAN,PRARIE,CORPORATE,1310
1310,TOM STIVERS,SASKACHEWAN,PRARIE,CORPORATE,1311
1311,ROB BEEGHLY,SASKACHEWAN,PRARIE,CONSUMER,1312
1312,ALEKSANDRA GANNAWAY,SASKACHEWAN,PRARIE,HOME OFFICE,1313
1313,ALEKSANDRA GANNAWAY,SASKACHEWAN,PRARIE,CORPORATE,1314
1314,ROBERT WALDORF,SASKACHEWAN,PRARIE,HOME OFFICE,1315
1315,BRENDA BOWMAN,SASKACHEWAN,PRARIE,SMALL BUSINESS,1316
1316,CARL WEISS,SASKACHEWAN,PRARIE,CONSUMER,1317
1317,JACK O'BRIANT,SASKACHEWAN,PRARIE,CONSUMER,1318
1318,JOEL EATON,SASKACHEWAN,PRARIE,HOME OFFICE,1319
1319,JUSTIN ELLISON,SASKACHEWAN,PRARIE,HOME OFFICE,1320
1320,JENNIFER JACKSON,SASKACHEWAN,PRARIE,HOME OFFICE,1321
1321,MICHAEL OAKMAN,SASKACHEWAN,PRARIE,SMALL BUSINESS,1322
1322,JACK O'BRIANT,SASKACHEWAN,PRARIE,SMALL BUSINESS,1323
1323,JACK O'BRIANT,SASKACHEWAN,PRARIE,HOME OFFICE,1324
1324,KAREN BERN,SASKACHEWAN,PRARIE,CORPORATE,1325
1325,KRISTEN HASTINGS,SASKACHEWAN,PRARIE,CORPORATE,1326
1326,MEG TILLMAN,SASKACHEWAN,PRARIE,SMALL BUSINESS,1327
1327,LIZ PELLETIER,SASKACHEWAN,PRARIE,CORPORATE,1328
1328,JONATHAN DOHERTY,SASKACHEWAN,PRARIE,CORPORATE,1329
1329,FRANK GASTINEAU,SASKACHEWAN,PRARIE,SMALL BUSINESS,1330
1330,JANET LEE,SASKACHEWAN,PRARIE,CONSUMER,1331
1331,RICK WILSON,SASKACHEWAN,PRARIE,CONSUMER,1332
1332,LYCORIS SAUNDERS,SASKACHEWAN,PRARIE,CORPORATE,1333
1333,MAXWELL SCHWARTZ,SASKACHEWAN,PRARIE,CORPORATE,1334
1334,LIZ CARLISLE,SASKACHEWAN,PRARIE,CORPORATE,1335
1335,NEIL KNUDSON,SASKACHEWAN,PRARIE,CORPORATE,1336
1336,DENISE MONTON,SASKACHEWAN,PRARIE,HOME OFFICE,1337
1337,LYCORIS SAUNDERS,SASKACHEWAN,PRARIE,HOME OFFICE,1338
1338,KELLY COLLISTER,SASKACHEWAN,PRARIE,CONSUMER,1339
1339,DENNIS PARDUE,SASKACHEWAN,PRARIE,CORPORATE,1340
1340,DENNIS PARDUE,SASKACHEWAN,PRARIE,SMALL BUSINESS,1341
1341,NEIL KNUDSON,SASKACHEWAN,PRARIE,HOME OFFICE,1342
1342,JOHN HUSTON,SASKACHEWAN,PRARIE,CONSUMER,1343
1343,MARYBETH SKACH,SASKACHEWAN,PRARIE,HOME OFFICE,1344
1344,RICK WILSON,SASKACHEWAN,PRARIE,CORPORATE,1345
1345,ANTHONY GARVERICK,SASKACHEWAN,PRARIE,SMALL BUSINESS,1346
1346,LINDSAY CASTELL,SASKACHEWAN,PRARIE,SMALL BUSINESS,1347
1347,JUSTIN DEGGELLER,SASKACHEWAN,PRARIE,CORPORATE,1348
1348,LINDSAY CASTELL,SASKACHEWAN,PRARIE,CORPORATE,1349
1349,LIZ PELLETIER,SASKACHEWAN,PRARIE,HOME OFFICE,1350
1350,CRAIG CARREIRA,SASKACHEWAN,PRARIE,CORPORATE,1351
1351,PAUL STEVENSON,SASKACHEWAN,PRARIE,CORPORATE,1352
1352,GREG HANSEN,SASKACHEWAN,PRARIE,HOME OFFICE,1353
1353,BILL EPLETT,SASKACHEWAN,PRARIE,CORPORATE,1354
1354,JEREMY LONSDALE,SASKACHEWAN,PRARIE,CORPORATE,1355
1355,IONIA MCGRATH,SASKACHEWAN,PRARIE,SMALL BUSINESS,1356
1356,IONIA MCGRATH,SASKACHEWAN,PRARIE,HOME OFFICE,1357
1357,EMILY GRADY,SASKACHEWAN,PRARIE,HOME OFFICE,1358
1358,VALERIE TAKAHITO,SASKACHEWAN,PRARIE,CONSUMER,1359
1359,LUKE SCHMIDT,SASKACHEWAN,PRARIE,HOME OFFICE,1360
1360,KELLY ANDREADA,SASKACHEWAN,PRARIE,HOME OFFICE,1361
1361,JASON KLAMCZYNSKI,SASKACHEWAN,PRARIE,SMALL BUSINESS,1362
1362,TRACY HOPKINS,SASKACHEWAN,PRARIE,SMALL BUSINESS,1363
1363,CRAIG LESLIE,SASKACHEWAN,PRARIE,CONSUMER,1364
1364,MICHAEL GRACE,SASKACHEWAN,PRARIE,CORPORATE,1365
1365,SAPHHIRA SHIFLEY,SASKACHEWAN,PRARIE,CORPORATE,1366
1366,SAPHHIRA SHIFLEY,SASKACHEWAN,PRARIE,CONSUMER,1367
1367,LAUREL BELTRAN,SASKACHEWAN,PRARIE,CONSUMER,1368
1368,TRACY BLUMSTEIN,SASKACHEWAN,PRARIE,HOME OFFICE,1369
1369,LARRY BLACKS,SASKACHEWAN,PRARIE,CONSUMER,1370
1370,HAROLD DAHLEN,SASKACHEWAN,PRARIE,CORPORATE,1371
1371,HAROLD DAHLEN,SASKACHEWAN,PRARIE,CONSUMER,1372
1372,RICHARD BIERNER,SASKACHEWAN,PRARIE,SMALL BUSINESS,1373
1373,TIFFANY HOUSE,SASKACHEWAN,PRARIE,CORPORATE,1374
1374,ROY COLLINS,SASKACHEWAN,PRARIE,CORPORATE,1375
1375,TOBY SWINDELL,SASKACHEWAN,PRARIE,SMALL BUSINESS,1376
1376,SARAH BROWN,SASKACHEWAN,PRARIE,CONSUMER,1377
1377,CHRISTINA ANDERSON,SASKACHEWAN,PRARIE,CORPORATE,1378
1378,ROBERT DILBECK,SASKACHEWAN,PRARIE,CORPORATE,1379
1379,RANDY FERGUSON,SASKACHEWAN,PRARIE,HOME OFFICE,1380
1380,ARIANNE IRVING,SASKACHEWAN,PRARIE,CORPORATE,1381
1381,RANDY FERGUSON,SASKACHEWAN,PRARIE,CORPORATE,1382
1382,CYNTHIA ARNTZEN,SASKACHEWAN,PRARIE,SMALL BUSINESS,1383
1383,ANDY GERBODE,SASKACHEWAN,PRARIE,CONSUMER,1384
1384,AMY HUNT,SASKACHEWAN,PRARIE,HOME OFFICE,1385
1385,CRAIG MOLINARI,SASKACHEWAN,PRARIE,SMALL BUSINESS,1386
1386,TRUDY BROWN,SASKACHEWAN,PRARIE,SMALL BUSINESS,1387
1387,AMY HUNT,SASKACHEWAN,PRARIE,SMALL BUSINESS,1388
1388,PHILIP FOX,SASKACHEWAN,PRARIE,HOME OFFICE,1389
1389,BRIAN DAHLEN,SASKACHEWAN,PRARIE,SMALL BUSINESS,1390
1390,BETH FRITZLER,SASKACHEWAN,PRARIE,SMALL BUSINESS,1391
1391,BROSINA HOFFMAN,SASKACHEWAN,PRARIE,CONSUMER,1392
1392,AMY HUNT,SASKACHEWAN,PRARIE,CONSUMER,1393
1393,CYNTHIA ARNTZEN,SASKACHEWAN,PRARIE,HOME OFFICE,1394
1394,JENNIFER FERGUSON,SASKACHEWAN,PRARIE,CORPORATE,1395
1395,PAUL PROST,SASKACHEWAN,PRARIE,CORPORATE,1396
1396,TOBY CARLISLE,SASKACHEWAN,PRARIE,HOME OFFICE,1397
1397,ANTHONY WITT,SASKACHEWAN,PRARIE,CORPORATE,1398
1398,PHILLINA OBER,NEW BRUNSWICK,ATLANTIC,SMALL BUSINESS,1399
1399,JIM EPP,NEW BRUNSWICK,ATLANTIC,SMALL BUSINESS,1400
1400,MUHAMMED YEDWAB,NEW BRUNSWICK,ATLANTIC,CONSUMER,1401
1401,MARIBETH SCHNELLING,NEW BRUNSWICK,ATLANTIC,CORPORATE,1402
1402,DEANRA ENO,NEW BRUNSWICK,ATLANTIC,CORPORATE,1403
1403,JAMES GALANG,NEW BRUNSWICK,ATLANTIC,CONSUMER,1404
1404,KATRINA WILLMAN,NEW BRUNSWICK,ATLANTIC,CONSUMER,1405
1405,NORA PRICE,NEW BRUNSWICK,ATLANTIC,HOME OFFICE,1406
1406,LISA DECHERNEY,NEW BRUNSWICK,ATLANTIC,CORPORATE,1407
1407,LYNN SMITH,NEW BRUNSWICK,ATLANTIC,CORPORATE,1408
1408,CHRISTINA DEMOSS,NEW BRUNSWICK,ATLANTIC,HOME OFFICE,1409
1409,CHRISTINE ABELMAN,NEW BRUNSWICK,ATLANTIC,CORPORATE,1410
1410,NORA PRICE,NEW BRUNSWICK,ATLANTIC,SMALL BUSINESS,1411
1411,MARIBETH DONA,NEW BRUNSWICK,ATLANTIC,HOME OFFICE,1412
1412,PAULINE JOHNSON,NEW BRUNSWICK,ATLANTIC,CORPORATE,1413
1413,JOCASTA RUPERT,NEW BRUNSWICK,ATLANTIC,CONSUMER,1414
1414,LAUREL ELLISTON,NEW BRUNSWICK,ATLANTIC,CORPORATE,1415
1415,GEORGIA ROSENBERG,NEW BRUNSWICK,ATLANTIC,CONSUMER,1416
1416,ALLEN ARMOLD,NEW BRUNSWICK,ATLANTIC,HOME OFFICE,1417
1417,ANEMONE RATNER,NEW BRUNSWICK,ATLANTIC,SMALL BUSINESS,1418
1418,KATHERINE HUGHES,NEW BRUNSWICK,ATLANTIC,CONSUMER,1419
1419,TRACY COLLINS,NEW BRUNSWICK,ATLANTIC,CONSUMER,1420
1420,LIZ MACKENDRICK,NEW BRUNSWICK,ATLANTIC,CORPORATE,1421
1421,ALAN HWANG,NEW BRUNSWICK,ATLANTIC,CORPORATE,1422
1422,ALAN HWANG,NEW BRUNSWICK,ATLANTIC,SMALL BUSINESS,1423
1423,TRACY COLLINS,NEW BRUNSWICK,ATLANTIC,CORPORATE,1424
1424,RICHARD BIERNER,NEW BRUNSWICK,ATLANTIC,SMALL BUSINESS,1425
1425,BRUCE STEWART,NEW BRUNSWICK,ATLANTIC,CORPORATE,1426
1426,ALEKSANDRA GANNAWAY,NEW BRUNSWICK,ATLANTIC,CORPORATE,1427
1427,BRENDAN SWEED,NEW BRUNSWICK,ATLANTIC,CONSUMER,1428
1428,LAUREL ELLISTON,NEW BRUNSWICK,ATLANTIC,HOME OFFICE,1429
1429,DEAN PERCER,NEW BRUNSWICK,ATLANTIC,HOME OFFICE,1430
1430,LISA DECHERNEY,NEW BRUNSWICK,ATLANTIC,CONSUMER,1431
1431,DEAN PERCER,NEW BRUNSWICK,ATLANTIC,CONSUMER,1432
1432,AIMEE BIXBY,NEW BRUNSWICK,ATLANTIC,HOME OFFICE,1433
1433,PHILLIP BREYER,NEW BRUNSWICK,ATLANTIC,CORPORATE,1434
1434,CRAIG YEDWAB,YUKON,YUKON,CONSUMER,1435
1435,DARIO MEDINA,YUKON,YUKON,SMALL BUSINESS,1436
1436,ED BRAXTON,YUKON,YUKON,CONSUMER,1437
1437,CINDY CHAPMAN,YUKON,YUKON,CONSUMER,1438
1438,ASHLEY JARBOE,YUKON,YUKON,HOME OFFICE,1439
1439,BENJAMIN FARHAT,YUKON,YUKON,HOME OFFICE,1440
1440,CINDY CHAPMAN,YUKON,YUKON,CORPORATE,1441
1441,BRUCE DEGENHARDT,YUKON,YUKON,HOME OFFICE,1442
1442,DIANNA VITTORINI,YUKON,YUKON,CORPORATE,1443
1443,CINDY STEWART,YUKON,YUKON,CORPORATE,1444
1444,ED BRAXTON,YUKON,YUKON,HOME OFFICE,1445
1445,QUINCY JONES,YUKON,YUKON,HOME OFFICE,1446
1446,QUINCY JONES,YUKON,YUKON,SMALL BUSINESS,1447
1447,QUINCY JONES,YUKON,YUKON,CORPORATE,1448
1448,ROB WILLIAMS,YUKON,YUKON,HOME OFFICE,1449
1449,BENJAMIN PATTERSON,YUKON,YUKON,CORPORATE,1450
1450,ANNA CHUNG,YUKON,YUKON,HOME OFFICE,1451
1451,RICARDO BLOCK,YUKON,YUKON,CORPORATE,1452
1452,ASHLEY JARBOE,YUKON,YUKON,SMALL BUSINESS,1453
1453,CRAIG YEDWAB,YUKON,YUKON,CORPORATE,1454
1454,CINDY STEWART,YUKON,YUKON,CONSUMER,1455
1455,TRUDY BELL,YUKON,YUKON,CONSUMER,1456
1456,BRAD THOMAS,YUKON,YUKON,HOME OFFICE,1457
1457,BART FOLK,YUKON,YUKON,CORPORATE,1458
1458,PAUL LUCAS,YUKON,YUKON,CORPORATE,1459
1459,DEAN PERCER,YUKON,YUKON,HOME OFFICE,1460
1460,ROBERT BARROSO,YUKON,YUKON,SMALL BUSINESS,1461
1461,BRAD THOMAS,YUKON,YUKON,CORPORATE,1462
1462,DAVID KENDRICK,YUKON,YUKON,HOME OFFICE,1463
1463,LUKE FOSTER,YUKON,YUKON,CORPORATE,1464
1464,MAUREEN GASTINEAU,YUKON,YUKON,CONSUMER,1465
1465,ED JACOBS,YUKON,YUKON,SMALL BUSINESS,1466
1466,DAVE POIRIER,YUKON,YUKON,SMALL BUSINESS,1467
1467,ALEKSANDRA GANNAWAY,YUKON,YUKON,CORPORATE,1468
1468,KEAN THORNTON,YUKON,YUKON,CORPORATE,1469
1469,ROB LUCAS,YUKON,YUKON,SMALL BUSINESS,1470
1470,NORA PAIGE,YUKON,YUKON,SMALL BUSINESS,1471
1471,ERIC BARRETO,YUKON,YUKON,CONSUMER,1472
1472,SARA LUXEMBURG,YUKON,YUKON,SMALL BUSINESS,1473
1473,ADAM HART,YUKON,YUKON,CORPORATE,1474
1474,BOBBY ELIAS,YUKON,YUKON,SMALL BUSINESS,1475
1475,ROLAND FJELD,YUKON,YUKON,CORPORATE,1476
1476,BILL SHONELY,YUKON,YUKON,SMALL BUSINESS,1477
1477,DENNY ORDWAY,YUKON,YUKON,SMALL BUSINESS,1478
1478,BILL TYLER,YUKON,YUKON,CONSUMER,1479
1479,ALAN SCHOENBERGER,YUKON,YUKON,CORPORATE,1480
1480,CHARLES CRESTANI,YUKON,YUKON,CONSUMER,1481
1481,CHRISTY BRITTAIN,YUKON,YUKON,CONSUMER,1482
1482,BRADLEY DRUCKER,YUKON,YUKON,SMALL BUSINESS,1483
1483,BRYAN SPRUELL,YUKON,YUKON,HOME OFFICE,1484
1484,TOM PRESCOTT,YUKON,YUKON,SMALL BUSINESS,1485
1485,ERIC BARRETO,YUKON,YUKON,SMALL BUSINESS,1486
1486,KARL BROWN,YUKON,YUKON,CORPORATE,1487
1487,THOMAS THORNTON,YUKON,YUKON,CONSUMER,1488
1488,ANTHONY GARVERICK,YUKON,YUKON,SMALL BUSINESS,1489
1489,TAMARA WILLINGHAM,YUKON,YUKON,CORPORATE,1490
1490,DAN CAMPBELL,YUKON,YUKON,SMALL BUSINESS,1491
1491,THEA HENDRICKS,YUKON,YUKON,HOME OFFICE,1492
1492,GIULIETTA DORTCH,YUKON,YUKON,CORPORATE,1493
1493,MARK HABERLIN,YUKON,YUKON,SMALL BUSINESS,1494
1494,EVAN HENRY,YUKON,YUKON,CORPORATE,1495
1495,GRANT THORNTON,YUKON,YUKON,CORPORATE,1496
1496,GIULIETTA DORTCH,YUKON,YUKON,SMALL BUSINESS,1497
1497,ELLIS BALLARD,YUKON,YUKON,CORPORATE,1498
1498,ERIC MURDOCK,YUKON,YUKON,HOME OFFICE,1499
1499,JILL FJELD,YUKON,YUKON,HOME OFFICE,1500
1500,ANNE MCFARLAND,YUKON,YUKON,CONSUMER,1501
1501,ASTREA JONES,YUKON,YUKON,CORPORATE,1502
1502,PETER BUHLER,YUKON,YUKON,CONSUMER,1503
1503,DEAN KATZ,YUKON,YUKON,HOME OFFICE,1504
1504,KAREN CARLISLE,YUKON,YUKON,CORPORATE,1505
1505,CARLOS MEADOR,YUKON,YUKON,CORPORATE,1506
1506,GIULIETTA DORTCH,YUKON,YUKON,CONSUMER,1507
1507,KARL BROWN,YUKON,YUKON,HOME OFFICE,1508
1508,JENNIFER PATT,YUKON,YUKON,HOME OFFICE,1509
1509,CYNTHIA VOLTZ,YUKON,YUKON,CORPORATE,1510
1510,BARRY POND,YUKON,YUKON,CONSUMER,1511
1511,TONY MOLINARI,YUKON,YUKON,CORPORATE,1512
1512,JULIA BARNETT,YUKON,YUKON,CORPORATE,1513
1513,JEREMY PISTEK,YUKON,YUKON,CORPORATE,1514
1514,CYRA REITEN,YUKON,YUKON,CONSUMER,1515
1515,DAN CAMPBELL,YUKON,YUKON,CORPORATE,1516
1516,BRIAN STUGART,YUKON,YUKON,CONSUMER,1517
1517,JULIA BARNETT,YUKON,YUKON,HOME OFFICE,1518
1518,YANA SORENSEN,YUKON,YUKON,CORPORATE,1519
1519,JONI WASSERMAN,YUKON,YUKON,CONSUMER,1520
1520,AARON HAWKINS,YUKON,YUKON,HOME OFFICE,1521
1521,VICTORIA PISTEKA,YUKON,YUKON,CORPORATE,1522
1522,DAVE KIPP,YUKON,YUKON,CORPORATE,1523
1523,SHIRLEY JACKSON,YUKON,YUKON,CORPORATE,1524
1524,DAVID BREMER,YUKON,YUKON,CORPORATE,1525
1525,DEANRA ENO,YUKON,YUKON,CORPORATE,1526
1526,ALEKSANDRA GANNAWAY,YUKON,YUKON,HOME OFFICE,1527
1527,BRIAN STUGART,YUKON,YUKON,CORPORATE,1528
1528,JILL MATTHIAS,YUKON,YUKON,CONSUMER,1529
1529,TIM TASLIMI,YUKON,YUKON,CORPORATE,1530
1530,MUHAMMED LEE,YUKON,YUKON,CORPORATE,1531
1531,JULIANA KROHN,YUKON,YUKON,CORPORATE,1532
1532,DARRIN SAYRE,YUKON,YUKON,CONSUMER,1533
1533,DUANE NOONAN,YUKON,YUKON,CORPORATE,1534
1534,PAUL VAN HUGH,YUKON,YUKON,CORPORATE,1535
1535,JANET MARTIN,YUKON,YUKON,CORPORATE,1536
1536,COREY ROPER,YUKON,YUKON,SMALL BUSINESS,1537
1537,DARREN BUDD,YUKON,YUKON,HOME OFFICE,1538
1538,DARREN BUDD,YUKON,YUKON,CONSUMER,1539
1539,HELEN ANDREADA,YUKON,YUKON,CORPORATE,1540
1540,NICOLE BRENNAN,YUKON,YUKON,CONSUMER,1541
1541,IVAN LISTON,YUKON,YUKON,CONSUMER,1542
1542,BRENDAN MURRY,YUKON,YUKON,CORPORATE,1543
1543,AMY COX,YUKON,YUKON,CORPORATE,1544
1544,KAREN CARLISLE,YUKON,YUKON,HOME OFFICE,1545
1545,TRACY HOPKINS,YUKON,YUKON,SMALL BUSINESS,1546
1546,DAVE KIPP,YUKON,YUKON,CONSUMER,1547
1547,TOM ASHBROOK,YUKON,YUKON,HOME OFFICE,1548
1548,NICOLE BRENNAN,YUKON,YUKON,HOME OFFICE,1549
1549,AMY COX,YUKON,YUKON,SMALL BUSINESS,1550
1550,BARRY WEIRICH,YUKON,YUKON,CORPORATE,1551
1551,ALLEN ARMOLD,YUKON,YUKON,HOME OFFICE,1552
1552,MARIS LAWARE,YUKON,YUKON,HOME OFFICE,1553
1553,MICK BROWN,YUKON,YUKON,CONSUMER,1554
1554,CHRIS MCAFEE,YUKON,YUKON,CONSUMER,1555
1555,SARA LUXEMBURG,YUKON,YUKON,CORPORATE,1556
1556,DEBORAH BRUMFIELD,YUKON,YUKON,SMALL BUSINESS,1557
1557,JAY FINE,YUKON,YUKON,CONSUMER,1558
1558,BENJAMIN VENIER,YUKON,YUKON,SMALL BUSINESS,1559
1559,SPEROS GORANITIS,YUKON,YUKON,CORPORATE,1560
1560,PETE KRIZ,YUKON,YUKON,CORPORATE,1561
1561,IRENE MADDOX,YUKON,YUKON,CONSUMER,1562
1562,PATRICK BZOSTEK,YUKON,YUKON,CONSUMER,1563
1563,MUHAMMED LEE,YUKON,YUKON,CONSUMER,1564
1564,PETE KRIZ,BRITISH COLUMBIA,WEST,CORPORATE,1565
1565,MARK HABERLIN,BRITISH COLUMBIA,WEST,SMALL BUSINESS,1566
1566,EMILY BURNS,BRITISH COLUMBIA,WEST,HOME OFFICE,1567
1567,DAVE KIPP,BRITISH COLUMBIA,WEST,CONSUMER,1568
1568,DOUG O'CONNELL,BRITISH COLUMBIA,WEST,SMALL BUSINESS,1569
1569,COREY LOCK,BRITISH COLUMBIA,WEST,HOME OFFICE,1570
1570,KAREN CARLISLE,BRITISH COLUMBIA,WEST,CORPORATE,1571
1571,MICK BROWN,BRITISH COLUMBIA,WEST,CONSUMER,1572
1572,DEBORAH BRUMFIELD,BRITISH COLUMBIA,WEST,SMALL BUSINESS,1573
1573,NICOLE BRENNAN,BRITISH COLUMBIA,WEST,HOME OFFICE,1574
1574,JAY FINE,BRITISH COLUMBIA,WEST,CONSUMER,1575
1575,JULIANA KROHN,BRITISH COLUMBIA,WEST,SMALL BUSINESS,1576
1576,YANA SORENSEN,BRITISH COLUMBIA,WEST,CORPORATE,1577
1577,BRADLEY DRUCKER,BRITISH COLUMBIA,WEST,SMALL BUSINESS,1578
1578,ADAM HART,BRITISH COLUMBIA,WEST,CORPORATE,1579
1579,BENJAMIN VENIER,BRITISH COLUMBIA,WEST,SMALL BUSINESS,1580
1580,IVAN LISTON,BRITISH COLUMBIA,WEST,CONSUMER,1581
1581,SARA LUXEMBURG,BRITISH COLUMBIA,WEST,SMALL BUSINESS,1582
1582,TOM ASHBROOK,BRITISH COLUMBIA,WEST,HOME OFFICE,1583
1583,JONI WASSERMAN,BRITISH COLUMBIA,WEST,CONSUMER,1584
1584,ERIC MURDOCK,BRITISH COLUMBIA,WEST,HOME OFFICE,1585
1585,BRAD THOMAS,BRITISH COLUMBIA,WEST,HOME OFFICE,1586
1586,VICTORIA PISTEKA,BRITISH COLUMBIA,WEST,CORPORATE,1587
1587,BARRY POND,BRITISH COLUMBIA,WEST,CONSUMER,1588
1588,CHRIS MCAFEE,BRITISH COLUMBIA,WEST,CONSUMER,1589
1589,KAREN CARLISLE,BRITISH COLUMBIA,WEST,HOME OFFICE,1590
1590,BART FOLK,BRITISH COLUMBIA,WEST,CORPORATE,1591
1591,BARRY WEIRICH,BRITISH COLUMBIA,WEST,CORPORATE,1592
1592,MICHAEL STEWART,BRITISH COLUMBIA,WEST,SMALL BUSINESS,1593
1593,DAVE POIRIER,BRITISH COLUMBIA,WEST,SMALL BUSINESS,1594
1594,ALEKSANDRA GANNAWAY,BRITISH COLUMBIA,WEST,HOME OFFICE,1595
1595,BRYAN SPRUELL,BRITISH COLUMBIA,WEST,HOME OFFICE,1596
1596,CHRISTY BRITTAIN,BRITISH COLUMBIA,WEST,CONSUMER,1597
1597,HAROLD DAHLEN,BRITISH COLUMBIA,WEST,CONSUMER,1598
1598,BOBBY TRAFTON,BRITISH COLUMBIA,WEST,SMALL BUSINESS,1599
1599,SPEROS GORANITIS,BRITISH COLUMBIA,WEST,CORPORATE,1600
1600,GRANT THORNTON,BRITISH COLUMBIA,WEST,CORPORATE,1601
1601,TOM PRESCOTT,BRITISH COLUMBIA,WEST,SMALL BUSINESS,1602
1602,ALAN SCHOENBERGER,BRITISH COLUMBIA,WEST,CORPORATE,1603
1603,PATRICK BZOSTEK,BRITISH COLUMBIA,WEST,CONSUMER,1604
1604,TAMARA WILLINGHAM,BRITISH COLUMBIA,WEST,CORPORATE,1605
1605,DENNY ORDWAY,BRITISH COLUMBIA,WEST,SMALL BUSINESS,1606
1606,ROLAND FJELD,BRITISH COLUMBIA,WEST,CORPORATE,1607
1607,ELIZABETH MOFFITT,BRITISH COLUMBIA,WEST,CONSUMER,1608
1608,DAVID KENDRICK,BRITISH COLUMBIA,WEST,HOME OFFICE,1609
1609,JULIA BARNETT,BRITISH COLUMBIA,WEST,HOME OFFICE,1610
1610,SHIRLEY JACKSON,BRITISH COLUMBIA,WEST,CORPORATE,1611
1611,BRENDAN MURRY,BRITISH COLUMBIA,WEST,CORPORATE,1612
1612,JENNIFER PATT,BRITISH COLUMBIA,WEST,HOME OFFICE,1613
1613,JEREMY PISTEK,BRITISH COLUMBIA,WEST,CORPORATE,1614
1614,DAVID BREMER,BRITISH COLUMBIA,WEST,CORPORATE,1615
1615,NORA PAIGE,BRITISH COLUMBIA,WEST,SMALL BUSINESS,1616
1616,BOBBY TRAFTON,BRITISH COLUMBIA,WEST,CORPORATE,1617
1617,ALEJANDRO SAVELY,BRITISH COLUMBIA,WEST,CORPORATE,1618
1618,CHARLES CRESTANI,BRITISH COLUMBIA,WEST,CONSUMER,1619
1619,MUHAMMED LEE,BRITISH COLUMBIA,WEST,CORPORATE,1620
1620,MAUREEN GASTINEAU,BRITISH COLUMBIA,WEST,CONSUMER,1621
1621,BERENIKE KAMPE,BRITISH COLUMBIA,WEST,CORPORATE,1622
1622,BOBBY ELIAS,BRITISH COLUMBIA,WEST,SMALL BUSINESS,1623
1623,NOEL STAAVOS,BRITISH COLUMBIA,WEST,HOME OFFICE,1624
1624,DAMALA KOTSONIS,BRITISH COLUMBIA,WEST,CORPORATE,1625
1625,JILL MATTHIAS,BRITISH COLUMBIA,WEST,CONSUMER,1626
1626,TIM TASLIMI,BRITISH COLUMBIA,WEST,CORPORATE,1627
1627,COREY CATLETT,BRITISH COLUMBIA,WEST,HOME OFFICE,1628
1628,HAROLD DAHLEN,BRITISH COLUMBIA,WEST,CORPORATE,1629
1629,DAN CAMPBELL,BRITISH COLUMBIA,WEST,SMALL BUSINESS,1630
1630,MARIS LAWARE,BRITISH COLUMBIA,WEST,HOME OFFICE,1631
1631,MARK PACKER,BRITISH COLUMBIA,WEST,SMALL BUSINESS,1632
1632,JULIANA KROHN,BRITISH COLUMBIA,WEST,CORPORATE,1633
1633,BILL SHONELY,BRITISH COLUMBIA,WEST,SMALL BUSINESS,1634
1634,DEBRA CATINI,BRITISH COLUMBIA,WEST,SMALL BUSINESS,1635
1635,EMILY PHAN,BRITISH COLUMBIA,WEST,CONSUMER,1636
1636,KEITH HERRERA,BRITISH COLUMBIA,WEST,SMALL BUSINESS,1637
1637,TONY MOLINARI,BRITISH COLUMBIA,WEST,CORPORATE,1638
1638,RICK HUTHWAITE,BRITISH COLUMBIA,WEST,CORPORATE,1639
1639,GEORGE ZREBASSA,BRITISH COLUMBIA,WEST,HOME OFFICE,1640
1640,AARON HAWKINS,BRITISH COLUMBIA,WEST,HOME OFFICE,1641
1641,DAN CAMPBELL,BRITISH COLUMBIA,WEST,CORPORATE,1642
1642,TAMARA WILLINGHAM,BRITISH COLUMBIA,WEST,HOME OFFICE,1643
1643,NICOLE BRENNAN,BRITISH COLUMBIA,WEST,CONSUMER,1644
1644,PAUL VAN HUGH,BRITISH COLUMBIA,WEST,CONSUMER,1645
1645,CYRA REITEN,BRITISH COLUMBIA,WEST,CONSUMER,1646
1646,HELEN ANDREADA,BRITISH COLUMBIA,WEST,CORPORATE,1647
1647,CHRIS CORTES,BRITISH COLUMBIA,WEST,CONSUMER,1648
1648,KATHERINE DUCICH,BRITISH COLUMBIA,WEST,CORPORATE,1649
1649,THOMAS THORNTON,BRITISH COLUMBIA,WEST,CONSUMER,1650
1650,IRENE MADDOX,BRITISH COLUMBIA,WEST,CONSUMER,1651
1651,ALLEN ARMOLD,BRITISH COLUMBIA,WEST,HOME OFFICE,1652
1652,ERIC BARRETO,BRITISH COLUMBIA,WEST,CONSUMER,1653
1653,RAYMOND FAIR,BRITISH COLUMBIA,WEST,SMALL BUSINESS,1654
1654,TRACY HOPKINS,BRITISH COLUMBIA,WEST,SMALL BUSINESS,1655
1655,NATALIE WEBBER,BRITISH COLUMBIA,WEST,CORPORATE,1656
1656,BRAD THOMAS,BRITISH COLUMBIA,WEST,CORPORATE,1657
1657,KEAN THORNTON,BRITISH COLUMBIA,WEST,CORPORATE,1658
1658,ALYSSA TATE,BRITISH COLUMBIA,WEST,SMALL BUSINESS,1659
1659,JULIA BARNETT,BRITISH COLUMBIA,WEST,CORPORATE,1660
1660,ANNE MCFARLAND,BRITISH COLUMBIA,WEST,CONSUMER,1661
1661,THEA HENDRICKS,BRITISH COLUMBIA,WEST,HOME OFFICE,1662
1662,NATALIE WEBBER,BRITISH COLUMBIA,WEST,CONSUMER,1663
1663,ERIC BARRETO,BRITISH COLUMBIA,WEST,SMALL BUSINESS,1664
1664,ED JACOBS,BRITISH COLUMBIA,WEST,SMALL BUSINESS,1665
1665,DEAN KATZ,BRITISH COLUMBIA,WEST,HOME OFFICE,1666
1666,GIULIETTA DORTCH,BRITISH COLUMBIA,WEST,SMALL BUSINESS,1667
1667,MUHAMMED LEE,BRITISH COLUMBIA,WEST,CONSUMER,1668
1668,ART FOSTER,BRITISH COLUMBIA,WEST,HOME OFFICE,1669
1669,EUGENE MOREN,BRITISH COLUMBIA,WEST,HOME OFFICE,1670
1670,CAROL DARLEY,BRITISH COLUMBIA,WEST,SMALL BUSINESS,1671
1671,MARIBETH DONA,BRITISH COLUMBIA,WEST,HOME OFFICE,1672
1672,FRED HARTON,BRITISH COLUMBIA,WEST,HOME OFFICE,1673
1673,ANDREW ALLEN,BRITISH COLUMBIA,WEST,CORPORATE,1674
1674,ART MILLER,BRITISH COLUMBIA,WEST,CORPORATE,1675
1675,SCOTT COHEN,BRITISH COLUMBIA,WEST,CONSUMER,1676
1676,LAUREN LEATHERBURY,BRITISH COLUMBIA,WEST,CORPORATE,1677
1677,GREG MATTHIAS,BRITISH COLUMBIA,WEST,HOME OFFICE,1678
1678,CYNTHIA DELANEY,BRITISH COLUMBIA,WEST,CORPORATE,1679
1679,ANTHONY RAWLES,BRITISH COLUMBIA,WEST,SMALL BUSINESS,1680
1680,LAUREN LEATHERBURY,BRITISH COLUMBIA,WEST,HOME OFFICE,1681
1681,BARRY BLUMSTEIN,BRITISH COLUMBIA,WEST,SMALL BUSINESS,1682
1682,EVA JACOBS,BRITISH COLUMBIA,WEST,HOME OFFICE,1683
1683,CAROL DARLEY,BRITISH COLUMBIA,WEST,HOME OFFICE,1684
1684,DUANE NOONAN,BRITISH COLUMBIA,WEST,CORPORATE,1685
1685,GREG MATTHIAS,BRITISH COLUMBIA,WEST,SMALL BUSINESS,1686
1686,SANJIT JACOBS,BRITISH COLUMBIA,WEST,CONSUMER,1687
1687,KEN LONSDALE,BRITISH COLUMBIA,WEST,CONSUMER,1688
1688,CHRISTOPHER MARTINEZ,BRITISH COLUMBIA,WEST,HOME OFFICE,1689
1689,RICARDO BLOCK,ALBERTA,WEST,CORPORATE,1690
1690,ROGER BARCIO,ALBERTA,WEST,CORPORATE,1691
1691,SUNG PAK,ALBERTA,WEST,SMALL BUSINESS,1692
1692,TIM BROCKMAN,ALBERTA,WEST,CONSUMER,1693
1693,VICTORIA PISTEKA,ALBERTA,WEST,CORPORATE,1694
1694,SUNG CHUNG,ALBERTA,WEST,HOME OFFICE,1695
1695,RESI POLKING,ALBERTA,WEST,SMALL BUSINESS,1696
1696,ROGER DEMIR,ALBERTA,WEST,CONSUMER,1697
1697,TAMARA MANNING,ALBERTA,WEST,CORPORATE,1698
1698,SUE ANN REED,ALBERTA,WEST,CONSUMER,1699
1699,JOHN MURRAY,ALBERTA,WEST,SMALL BUSINESS,1700
1700,SHAUN CHANCE,ALBERTA,WEST,CORPORATE,1701
1701,DARREN POWERS,ALBERTA,WEST,CORPORATE,1702
1702,PENELOPE SEWALL,ALBERTA,WEST,HOME OFFICE,1703
1703,MIKE PELLETIER,ALBERTA,WEST,CORPORATE,1704
1704,TOM PRESCOTT,ALBERTA,WEST,SMALL BUSINESS,1705
1705,SHARELLE ROACH,ALBERTA,WEST,HOME OFFICE,1706
1706,PAULINE WEBBER,ALBERTA,WEST,CONSUMER,1707
1707,QUINCY JONES,ALBERTA,WEST,SMALL BUSINESS,1708
1708,LINDSAY CASTELL,ALBERTA,WEST,SMALL BUSINESS,1709
1709,ADAM BELLAVANCE,ALBERTA,WEST,SMALL BUSINESS,1710
1710,KEN DANA,ALBERTA,WEST,CORPORATE,1711
1711,KEN DANA,ALBERTA,WEST,SMALL BUSINESS,1712
1712,LINDSAY CASTELL,ALBERTA,WEST,CORPORATE,1713
1713,LAUREL WORKMAN,ALBERTA,WEST,HOME OFFICE,1714
1714,LISA RYAN,ALBERTA,WEST,HOME OFFICE,1715
1715,MAX ENGLE,ALBERTA,WEST,CORPORATE,1716
1716,HELEN WASSERMAN,ALBERTA,WEST,HOME OFFICE,1717
1717,JULIA DUNBAR,ALBERTA,WEST,CONSUMER,1718
1718,CARL WEISS,ALBERTA,WEST,CONSUMER,1719
1719,CHUCK CLARK,ALBERTA,WEST,CORPORATE,1720
1720,DARREN KOUTRAS,ALBERTA,WEST,CONSUMER,1721
1721,ROLAND MURRAY,ALBERTA,WEST,HOME OFFICE,1722
1722,DANIEL BYRD,ALBERTA,WEST,HOME OFFICE,1723
1723,BOBBY ODEGARD,ALBERTA,WEST,CORPORATE,1724
1724,CHLORIS KASTENSMIDT,ALBERTA,WEST,CONSUMER,1725
1725,BOBBY ODEGARD,ALBERTA,WEST,CONSUMER,1726
1726,ARTHUR GAINER,ALBERTA,WEST,CONSUMER,1727
1727,LISA HAZARD,ALBERTA,WEST,HOME OFFICE,1728
1728,MITCH GASTINEAU,ALBERTA,WEST,SMALL BUSINESS,1729
1729,KATHARINE HARMS,ALBERTA,WEST,CONSUMER,1730
1730,MATTHEW GRINSTEIN,ALBERTA,WEST,SMALL BUSINESS,1731
1731,CATHY PRESCOTT,ALBERTA,WEST,CORPORATE,1732
1732,LAUREN LEATHERBURY,ALBERTA,WEST,CORPORATE,1733
1733,LAUREN LEATHERBURY,ALBERTA,WEST,HOME OFFICE,1734
1734,MITCH GASTINEAU,ALBERTA,WEST,CORPORATE,1735
1735,QUINCY JONES,ALBERTA,WEST,CORPORATE,1736
1736,MARIA ETEZADI,ALBERTA,WEST,HOME OFFICE,1737
1737,CARI MACINTYRE,ALBERTA,WEST,CORPORATE,1738
1738,SAMPLE COMPANY A,ALBERTA,WEST,HOME OFFICE,1739
1739,MARIA ZETTNER,ALBERTA,WEST,CORPORATE,1740
1740,SONIA COOLEY,ALBERTA,WEST,CORPORATE,1741
1741,SIBELLA PARKS,ALBERTA,WEST,SMALL BUSINESS,1742
1742,HALLIE REDMOND,ALBERTA,WEST,HOME OFFICE,1743
1743,HAROLD DAHLEN,ALBERTA,WEST,CORPORATE,1744
1744,HALLIE REDMOND,ALBERTA,WEST,SMALL BUSINESS,1745
1745,BECKY PAK,ALBERTA,WEST,CORPORATE,1746
1746,HAROLD DAHLEN,ALBERTA,WEST,CONSUMER,1747
1747,CLYTIE KELTY,ALBERTA,WEST,SMALL BUSINESS,1748
1748,ADAM SHILLINGSBURG,ALBERTA,WEST,CORPORATE,1749
1749,BROOKE GILLINGHAM,ALBERTA,WEST,SMALL BUSINESS,1750
1750,TOM BOECKENHAUER,ALBERTA,WEST,CORPORATE,1751
1751,ALEX RUSSELL,ALBERTA,WEST,HOME OFFICE,1752
1752,ALEJANDRO BALLENTINE,ALBERTA,WEST,SMALL BUSINESS,1753
1753,CLAIRE GOOD,ALBERTA,WEST,HOME OFFICE,1754
1754,TRUDY BELL,ALBERTA,WEST,CONSUMER,1755
1755,ALYSSA CROUSE,ALBERTA,WEST,CORPORATE,1756
1756,CASSANDRA BRANDOW,ALBERTA,WEST,HOME OFFICE,1757
1757,ADRIAN BARTON,ALBERTA,WEST,SMALL BUSINESS,1758
1758,CATHERINE GLOTZBACH,ALBERTA,WEST,HOME OFFICE,1759
1759,JENNA CAFFEY,ALBERTA,WEST,CONSUMER,1760
1760,ROSE O'BRIAN,ALBERTA,WEST,HOME OFFICE,1761
1761,VALERIE TAKAHITO,ALBERTA,WEST,CONSUMER,1762
1762,RICK WILSON,ALBERTA,WEST,CONSUMER,1763
1763,FRANK OLSEN,ALBERTA,WEST,SMALL BUSINESS,1764
1764,RICK WILSON,ALBERTA,WEST,CORPORATE,1765
1765,ERICA HACKNEY,ALBERTA,WEST,SMALL BUSINESS,1766
1766,ALYSSA CROUSE,ALBERTA,WEST,HOME OFFICE,1767
1767,KEN LONSDALE,ALBERTA,WEST,CONSUMER,1768
1768,CARI SAYRE,ALBERTA,WEST,CORPORATE,1769
1769,ALICE MCCARTHY,ALBERTA,WEST,CORPORATE,1770
1770,FRANK MERWIN,ALBERTA,WEST,CONSUMER,1771
1771,ANNIE THURMAN,ALBERTA,WEST,CONSUMER,1772
1772,BRUCE MONEY,ALBERTA,WEST,CORPORATE,1773
1773,KELLY WILLIAMS,ALBERTA,WEST,CORPORATE,1774
1774,DANIEL LACY,ALBERTA,WEST,SMALL BUSINESS,1775
1775,ANNIE THURMAN,ALBERTA,WEST,HOME OFFICE,1776
1776,GEORGIA ROSENBERG,ALBERTA,WEST,CONSUMER,1777
1777,CRAIG CARROLL,ALBERTA,WEST,CORPORATE,1778
1778,CRAIG CARROLL,ALBERTA,WEST,SMALL BUSINESS,1779
1779,CRAIG LESLIE,ALBERTA,WEST,CONSUMER,1780
1780,EMILY GRADY,ALBERTA,WEST,HOME OFFICE,1781
1781,LARRY TRON,ALBERTA,WEST,HOME OFFICE,1782
1782,BRIAN DECHERNEY,ALBERTA,WEST,CORPORATE,1783
1783,ANN STEELE,ALBERTA,WEST,CORPORATE,1784
1784,CARI SAYRE,ALBERTA,WEST,HOME OFFICE,1785
1785,LARRY TRON,ALBERTA,WEST,CORPORATE,1786
1786,HAROLD PAWLAN,ALBERTA,WEST,SMALL BUSINESS,1787
1787,FRANK MERWIN,ALBERTA,WEST,CORPORATE,1788
1788,ANTHONY JACOBS,ALBERTA,WEST,HOME OFFICE,1789
1789,KATRINA EDELMAN,ALBERTA,WEST,CORPORATE,1790
1790,GRACE KELLY,ALBERTA,WEST,CONSUMER,1791
1791,FRANK GASTINEAU,ALBERTA,WEST,SMALL BUSINESS,1792
1792,RUBEN DARTT,ALBERTA,WEST,CORPORATE,1793
1793,LIZ PELLETIER,ALBERTA,WEST,CORPORATE,1794
1794,TONY SAYRE,ALBERTA,WEST,SMALL BUSINESS,1795
1795,ROY PHAN,ALBERTA,WEST,CONSUMER,1796
1796,CLAY CHEATHAM,ALBERTA,WEST,SMALL BUSINESS,1797
1797,YOSEPH CARROLL,ALBERTA,WEST,CONSUMER,1798
1798,RAYMOND BOOK,ALBERTA,WEST,CONSUMER,1799
1799,ALAN DOMINGUEZ,ALBERTA,WEST,CORPORATE,1800
1800,STEPHANIE PHELPS,ALBERTA,WEST,CONSUMER,1801
1801,ADRIAN HANE,ALBERTA,WEST,CORPORATE,1802
1802,TONJA TURNELL,ALBERTA,WEST,CONSUMER,1803
1803,BRENDAN SWEED,ALBERTA,WEST,CONSUMER,1804
1804,TONY SAYRE,ALBERTA,WEST,HOME OFFICE,1805
1805,JIM KARLSSON,ALBERTA,WEST,SMALL BUSINESS,1806
1806,ROY PHAN,ALBERTA,WEST,CORPORATE,1807
1807,STEVEN ROELLE,ALBERTA,WEST,SMALL BUSINESS,1808
1808,CHRISTOPHER CONANT,ALBERTA,WEST,CONSUMER,1809
1809,ANDREW ROBERTS,ALBERTA,WEST,HOME OFFICE,1810
1810,CYMA KINNEY,ALBERTA,WEST,SMALL BUSINESS,1811
1811,CHRISTINE ABELMAN,ALBERTA,WEST,CORPORATE,1812
1812,ERICA SMITH,ALBERTA,WEST,SMALL BUSINESS,1813
1813,CHRISTOPHER CONANT,ALBERTA,WEST,HOME OFFICE,1814
1814,SARAH BROWN,ALBERTA,WEST,CONSUMER,1815
1815,SHUI TOM,ALBERTA,WEST,HOME OFFICE,1816
1816,FRANK HAWLEY,ALBERTA,WEST,HOME OFFICE,1817
1817,AARON BERGMAN,ALBERTA,WEST,CORPORATE,1818
1818,VICTORIA BRENNAN,ALBERTA,WEST,SMALL BUSINESS,1819
1819,ADRIAN SHAMI,ALBERTA,WEST,CONSUMER,1820
1820,PHILLINA OBER,ALBERTA,WEST,SMALL BUSINESS,1821
1821,ANDREW ROBERTS,ALBERTA,WEST,SMALL BUSINESS,1822
1822,JEREMY LONSDALE,ALBERTA,WEST,CORPORATE,1823
1823,SHUI TOM,ALBERTA,WEST,CONSUMER,1824
1824,ANDY YOTOV,ALBERTA,WEST,CORPORATE,1825
1825,NICOLE BRENNAN,ALBERTA,WEST,HOME OFFICE,1826
1826,JESSICA MYRICK,ALBERTA,WEST,SMALL BUSINESS,1827
1827,NICOLE BRENNAN,ALBERTA,WEST,CONSUMER,1828
1828,JASON FORTUNE,ALBERTA,WEST,CORPORATE,1829
1829,HARRY GREENE,ALBERTA,WEST,CORPORATE,1830
1830,GRANT DONATELLI,ALBERTA,WEST,CONSUMER,1831
1831,MICK BROWN,ALBERTA,WEST,CONSUMER,1832
